Frame, Frame Full, Scene, UI
1, 0.025021, 0.003065, 0.000448
2, 0.014105, 0.002443, 0.000479
3, 0.01533, 0.001704, 0.000508
4, 0.016113, 0.001784, 0.000159
5, 0.016662, 0.001529, 0.000101
6, 0.016469, 0.001858, 0.000101
7, 0.016976, 0.001634, 0.000103
8, 0.01738, 0.001514, 9.9e-05
9, 0.016203, 0.001556, 0.000119
10, 0.016509, 0.002057, 0.000104
11, 0.016381, 0.002234, 0.00023
12, 0.016567, 0.001512, 9.5e-05
13, 0.01681, 0.0017, 0.0001
14, 0.016446, 0.001514, 0.0001
15, 0.016979, 0.001548, 0.000111
16, 0.016496, 0.001636, 9.7e-05
17, 0.016597, 0.001508, 9.6e-05
18, 0.01647, 0.0015, 9.4e-05
19, 0.0168, 0.001519, 9.1e-05
20, 0.016354, 0.001504, 9.8e-05
21, 0.016967, 0.001498, 9.2e-05
22, 0.016744, 0.001503, 9.5e-05
23, 0.016365, 0.001531, 0.000106
24, 0.016603, 0.001591, 0.000116
25, 0.016786, 0.001507, 9.1e-05
26, 0.016475, 0.00152, 9.8e-05
27, 0.016657, 0.001506, 9.1e-05
28, 0.017031, 0.001524, 9.8e-05
29, 0.01646, 0.001553, 9.5e-05
30, 0.016759, 0.001516, 9.8e-05
31, 0.016246, 0.001512, 9.5e-05
32, 0.016931, 0.001634, 9.7e-05
33, 0.016477, 0.001503, 9.1e-05
34, 0.016697, 0.001503, 9.4e-05
35, 0.016635, 0.001501, 9.3e-05
36, 0.016875, 0.001508, 9.5e-05
37, 0.016508, 0.001698, 0.000106
38, 0.016561, 0.001648, 9.8e-05
39, 0.016687, 0.001531, 9.9e-05
40, 0.016721, 0.001508, 9.1e-05
41, 0.016357, 0.001634, 0.000111
42, 0.016451, 0.001502, 9.4e-05
43, 0.016688, 0.001513, 9.3e-05
44, 0.016648, 0.001506, 9.6e-05
45, 0.016557, 0.001505, 9.2e-05
46, 0.01675, 0.001523, 0.000113
47, 0.016519, 0.001498, 9e-05
48, 0.017106, 0.001551, 9.6e-05
49, 0.01632, 0.001501, 9.8e-05
50, 0.016714, 0.001691, 0.0001
51, 0.016899, 0.001536, 0.000101
52, 0.016199, 0.001714, 0.000103
53, 0.016864, 0.001711, 9.5e-05
54, 0.016591, 0.001703, 0.000111
55, 0.01647, 0.001686, 9.8e-05
56, 0.016815, 0.001735, 9.8e-05
57, 0.016588, 0.001799, 0.000115
58, 0.016619, 0.001748, 0.000113
59, 0.016527, 0.001499, 8.9e-05
60, 0.016662, 0.00163, 9.4e-05
61, 0.017186, 0.001609, 9.3e-05
62, 0.016188, 0.001596, 0.000105
63, 0.016882, 0.003435, 0.000125
64, 0.016937, 0.001495, 9.6e-05
65, 0.016103, 0.00151, 9.5e-05
66, 0.016565, 0.00149, 9.8e-05
67, 0.016769, 0.00171, 9.7e-05
68, 0.016594, 0.001709, 0.000102
69, 0.016695, 0.001717, 9.4e-05
70, 0.016539, 0.001752, 0.000113
71, 0.016725, 0.001967, 0.000116
72, 0.016652, 0.001733, 9.5e-05
73, 0.016484, 0.001693, 9.9e-05
74, 0.016909, 0.00175, 0.000111
75, 0.016412, 0.00176, 0.0001
76, 0.017008, 0.001702, 0.000119
77, 0.016453, 0.001493, 0.0001
78, 0.016457, 0.001712, 0.000105
79, 0.016601, 0.001739, 9.6e-05
80, 0.016879, 0.00168, 0.000123
81, 0.016693, 0.001686, 9.2e-05
82, 0.016324, 0.001544, 0.000101
83, 0.016662, 0.001496, 9.1e-05
84, 0.016786, 0.001499, 9.4e-05
85, 0.017096, 0.001514, 0.000104
86, 0.016165, 0.00151, 9.8e-05
87, 0.016827, 0.001509, 0.0001
88, 0.016423, 0.00152, 0.000104
89, 0.016856, 0.001502, 9.2e-05
90, 0.016693, 0.001559, 9.5e-05
91, 0.01659, 0.001504, 9.1e-05
92, 0.01673, 0.001501, 9.3e-05
93, 0.016454, 0.001729, 9.6e-05
94, 0.016672, 0.001532, 0.000106
95, 0.016536, 0.001507, 9.2e-05
96, 0.016493, 0.001586, 9.3e-05
97, 0.016787, 0.001568, 9.4e-05
98, 0.016529, 0.001499, 9.5e-05
99, 0.016662, 0.001498, 9e-05
100, 0.017042, 0.001609, 0.000109
101, 0.016399, 0.001635, 9.1e-05
102, 0.0168, 0.001515, 9.5e-05
103, 0.016369, 0.001503, 9.5e-05
104, 0.016746, 0.001506, 0.0001
105, 0.016581, 0.001505, 9.8e-05
106, 0.016632, 0.001514, 9.4e-05
107, 0.01684, 0.001498, 9.9e-05
108, 0.016374, 0.001628, 9.3e-05
109, 0.016704, 0.001628, 9.7e-05
110, 0.016779, 0.001656, 9.2e-05
111, 0.016397, 0.001499, 9.1e-05
112, 0.016648, 0.001505, 9.7e-05
113, 0.016714, 0.001538, 0.000101
114, 0.016723, 0.001502, 9.8e-05
115, 0.016665, 0.001729, 9.7e-05
116, 0.016331, 0.001738, 9.3e-05
117, 0.016685, 0.001512, 0.000102
118, 0.016622, 0.001549, 9.5e-05
119, 0.016647, 0.001504, 9.4e-05
120, 0.016731, 0.001625, 9.3e-05
121, 0.016698, 0.00151, 9.2e-05
122, 0.016373, 0.001655, 9.4e-05
123, 0.016532, 0.001504, 9.1e-05
124, 0.017357, 0.001512, 0.000105
125, 0.015991, 0.001516, 9.7e-05
126, 0.016957, 0.001524, 9.8e-05
127, 0.016274, 0.001541, 9.4e-05
128, 0.016824, 0.001505, 9.2e-05
129, 0.016569, 0.001505, 9.2e-05
130, 0.016714, 0.001624, 9.1e-05
131, 0.016466, 0.001766, 0.000128
132, 0.016532, 0.001504, 0.0001
133, 0.016911, 0.00151, 9.5e-05
134, 0.016599, 0.001509, 9.5e-05
135, 0.01653, 0.001626, 8.9e-05
136, 0.016431, 0.001507, 9.6e-05
137, 0.016873, 0.001509, 9e-05
138, 0.016462, 0.001509, 0.000103
139, 0.016986, 0.001509, 8.9e-05
140, 0.016547, 0.001527, 9.4e-05
141, 0.016384, 0.001506, 9.1e-05
142, 0.016574, 0.001521, 9.4e-05
143, 0.016674, 0.001497, 9e-05
144, 0.016734, 0.001508, 9.4e-05
145, 0.016574, 0.001505, 9e-05
146, 0.016917, 0.001635, 9.6e-05
147, 0.016344, 0.001513, 9.3e-05
148, 0.016625, 0.001522, 9.4e-05
149, 0.017045, 0.00151, 9.2e-05
150, 0.016517, 0.001534, 0.000101
151, 0.016779, 0.001503, 9.2e-05
152, 0.016342, 0.001629, 9.4e-05
153, 0.016746, 0.001626, 9.2e-05
154, 0.016558, 0.0015, 9.2e-05
155, 0.016456, 0.0015, 9.7e-05
156, 0.016576, 0.001503, 9.4e-05
157, 0.01663, 0.001685, 0.000137
158, 0.016739, 0.001509, 9.6e-05
159, 0.016542, 0.001615, 9e-05
160, 0.016497, 0.001509, 9.3e-05
161, 0.016821, 0.001575, 9.2e-05
162, 0.016412, 0.001514, 9.4e-05
163, 0.01679, 0.001516, 9.1e-05
164, 0.016646, 0.001549, 9.7e-05
165, 0.016704, 0.001501, 9.9e-05
166, 0.016673, 0.001527, 9.4e-05
167, 0.016376, 0.001508, 9.5e-05
168, 0.016828, 0.001514, 9.5e-05
169, 0.016693, 0.001508, 9.1e-05
170, 0.016494, 0.001509, 9.1e-05
171, 0.016604, 0.001634, 8.9e-05
172, 0.016923, 0.00169, 0.000101
173, 0.016552, 0.001511, 9.1e-05
174, 0.01659, 0.001544, 0.000101
175, 0.016583, 0.001501, 9e-05
176, 0.016811, 0.001503, 9.3e-05
177, 0.016611, 0.001507, 9.2e-05
178, 0.016453, 0.001504, 9.5e-05
179, 0.016832, 0.001513, 9.3e-05
180, 0.016585, 0.001562, 9.3e-05
181, 0.016653, 0.001495, 9.7e-05
182, 0.016418, 0.0015, 9.3e-05
183, 0.016786, 0.001504, 8.9e-05
184, 0.016549, 0.001543, 9.5e-05
185, 0.016735, 0.001517, 9.2e-05
186, 0.01659, 0.00155, 0.000114
187, 0.016621, 0.001509, 9.1e-05
188, 0.016807, 0.001556, 9.4e-05
189, 0.016339, 0.001523, 9.2e-05
190, 0.016647, 0.001506, 9.4e-05
191, 0.016746, 0.001512, 9.1e-05
192, 0.016709, 0.001497, 9.6e-05
193, 0.016594, 0.001507, 9.2e-05
194, 0.016628, 0.001496, 9.3e-05
195, 0.016426, 0.001503, 8.8e-05
196, 0.016769, 0.001507, 9.2e-05
197, 0.016577, 0.001651, 0.000104
198, 0.017044, 0.001521, 9.6e-05
199, 0.016411, 0.001512, 0.000154
200, 0.016531, 0.001499, 9.4e-05
201, 0.016739, 0.001511, 9.3e-05
202, 0.01639, 0.001501, 9.1e-05
203, 0.016671, 0.001515, 8.9e-05
204, 0.016731, 0.001515, 9.5e-05
205, 0.016798, 0.001571, 9.6e-05
206, 0.016417, 0.00151, 9.3e-05
207, 0.01671, 0.001505, 9.1e-05
208, 0.016563, 0.001502, 9.6e-05
209, 0.016737, 0.001505, 9.1e-05
210, 0.016682, 0.001565, 0.000144
211, 0.016879, 0.001512, 9.1e-05
212, 0.016687, 0.001555, 0.000102
213, 0.016513, 0.001505, 8.7e-05
214, 0.016461, 0.001495, 9.3e-05
215, 0.016625, 0.00151, 9.2e-05
216, 0.016619, 0.001504, 9.3e-05
217, 0.016566, 0.001502, 9.1e-05
218, 0.016873, 0.001497, 9.2e-05
219, 0.016365, 0.001496, 9.2e-05
220, 0.016676, 0.001506, 9.5e-05
221, 0.016864, 0.002217, 0.000117
222, 0.016887, 0.001592, 0.000107
223, 0.016338, 0.001506, 9.6e-05
224, 0.017047, 0.00151, 9.3e-05
225, 0.016613, 0.001502, 8.8e-05
226, 0.016105, 0.00151, 9.3e-05
227, 0.016656, 0.001499, 9.5e-05
228, 0.016571, 0.001536, 9e-05
229, 0.016971, 0.00171, 9e-05
230, 0.016471, 0.001557, 0.000103
231, 0.016646, 0.001731, 9.6e-05
232, 0.016531, 0.001755, 9.7e-05
233, 0.016673, 0.00168, 9e-05
234, 0.01689, 0.001703, 9.8e-05
235, 0.016514, 0.001508, 9.1e-05
236, 0.01671, 0.001545, 9.3e-05
237, 0.016554, 0.001502, 9e-05
238, 0.016725, 0.00151, 9.6e-05
239, 0.016404, 0.001502, 9.1e-05
240, 0.016609, 0.0015, 9.3e-05
241, 0.016785, 0.001502, 9e-05
242, 0.01664, 0.001583, 9.9e-05
243, 0.016453, 0.001503, 8.9e-05
244, 0.016961, 0.001506, 9.8e-05
245, 0.016504, 0.001517, 0.0001
246, 0.016546, 0.001505, 0.000117
247, 0.017062, 0.001514, 0.0001
248, 0.016443, 0.001769, 0.000103
249, 0.016569, 0.001497, 9e-05
250, 0.016415, 0.001509, 9.4e-05
251, 0.016961, 0.001601, 9.4e-05
252, 0.016447, 0.001503, 9.6e-05
253, 0.016528, 0.001501, 9e-05
254, 0.016636, 0.001504, 9.6e-05
255, 0.016628, 0.001503, 9.1e-05
256, 0.016634, 0.001505, 9.2e-05
257, 0.016964, 0.0015, 8.9e-05
258, 0.016581, 0.00167, 9.6e-05
259, 0.016414, 0.00151, 9.3e-05
260, 0.016696, 0.001517, 9.5e-05
261, 0.016614, 0.001501, 9.1e-05
262, 0.016447, 0.001509, 9.5e-05
263, 0.016643, 0.001501, 9e-05
264, 0.016999, 0.001503, 9.7e-05
265, 0.016496, 0.001503, 9.1e-05
266, 0.016654, 0.001502, 9.4e-05
267, 0.01642, 0.001503, 8.9e-05
268, 0.016805, 0.001512, 0.000103
269, 0.016543, 0.001611, 9e-05
270, 0.016901, 0.001512, 9.1e-05
271, 0.016727, 0.001502, 9e-05
272, 0.016531, 0.001499, 9.5e-05
273, 0.016536, 0.001507, 0.000103
274, 0.016721, 0.001505, 9.2e-05
275, 0.016453, 0.001508, 9.1e-05
276, 0.016708, 0.001512, 9.4e-05
277, 0.016586, 0.0015, 8.9e-05
278, 0.016481, 0.001508, 9.5e-05
279, 0.016762, 0.001502, 9e-05
280, 0.01654, 0.001504, 9.4e-05
281, 0.016726, 0.001506, 9.2e-05
282, 0.016714, 0.001704, 0.0001
283, 0.016491, 0.00156, 9.5e-05
284, 0.017094, 0.00168, 9.8e-05
285, 0.016515, 0.00151, 9.3e-05
286, 0.016557, 0.001499, 9.9e-05
287, 0.016768, 0.00168, 0.000103
288, 0.016291, 0.00166, 0.000102
289, 0.016596, 0.001676, 9.6e-05
290, 0.016748, 0.001721, 9.6e-05
291, 0.016569, 0.001529, 9.6e-05
292, 0.016585, 0.001505, 0.000102
293, 0.016608, 0.001507, 9.9e-05
294, 0.016691, 0.001509, 9.4e-05
295, 0.016569, 0.0015, 9e-05
296, 0.016787, 0.001568, 9.2e-05
297, 0.016704, 0.001503, 9.4e-05
298, 0.016416, 0.001505, 9.7e-05
299, 0.016732, 0.0015, 9.1e-05
300, 0.016644, 0.001496, 9.4e-05
301, 0.01668, 0.001498, 9e-05
302, 0.016454, 0.001567, 0.000101
303, 0.016654, 0.001506, 9.1e-05
304, 0.016586, 0.001507, 0.0001
305, 0.016613, 0.00152, 9.3e-05
306, 0.016533, 0.001634, 9.3e-05
307, 0.016633, 0.001577, 9e-05
308, 0.016788, 0.001503, 9.3e-05
309, 0.016579, 0.001712, 9.4e-05
310, 0.016799, 0.001712, 9.5e-05
311, 0.016537, 0.001611, 0.000108
312, 0.016454, 0.00157, 9.7e-05
313, 0.016374, 0.001485, 0.0001
314, 0.016716, 0.001505, 9.5e-05
315, 0.016574, 0.001505, 9e-05
316, 0.016774, 0.001504, 9.2e-05
317, 0.016685, 0.001504, 9.1e-05
318, 0.016677, 0.001547, 0.00011
319, 0.016521, 0.001504, 9.3e-05
320, 0.016646, 0.001503, 9.5e-05
321, 0.01669, 0.001517, 9.2e-05
322, 0.016662, 0.0015, 9.1e-05
323, 0.016811, 0.001504, 8.9e-05
324, 0.016472, 0.00151, 9.4e-05
325, 0.016498, 0.001502, 9.2e-05
326, 0.016637, 0.001514, 9.3e-05
327, 0.016617, 0.001511, 9.3e-05
328, 0.016734, 0.001509, 9.8e-05
329, 0.016716, 0.001505, 9e-05
330, 0.016555, 0.001546, 9.5e-05
331, 0.016572, 0.001495, 9.4e-05
332, 0.016803, 0.001498, 9.2e-05
333, 0.016705, 0.001505, 9e-05
334, 0.01655, 0.001499, 9.1e-05
335, 0.016741, 0.001506, 0.000101
336, 0.016701, 0.001503, 9.1e-05
337, 0.016486, 0.001507, 9.3e-05
338, 0.016592, 0.001507, 9.2e-05
339, 0.01661, 0.001527, 9.2e-05
340, 0.016948, 0.001511, 9.3e-05
341, 0.016316, 0.001503, 9.4e-05
342, 0.01663, 0.001502, 9.3e-05
343, 0.017004, 0.001569, 9e-05
344, 0.016296, 0.001502, 9.4e-05
345, 0.016986, 0.0015, 9.2e-05
346, 0.016498, 0.001727, 0.000102
347, 0.016658, 0.001507, 9e-05
348, 0.016696, 0.001501, 9.2e-05
349, 0.016581, 0.001509, 9.7e-05
350, 0.016537, 0.001501, 9.4e-05
351, 0.016544, 0.00151, 8.9e-05
352, 0.016719, 0.001536, 9.6e-05
353, 0.016477, 0.001564, 8.9e-05
354, 0.016734, 0.001541, 9.8e-05
355, 0.016536, 0.001496, 8.9e-05
356, 0.016905, 0.001499, 9.4e-05
357, 0.016669, 0.001594, 9.4e-05
358, 0.016638, 0.001508, 9.5e-05
359, 0.01649, 0.001506, 8.9e-05
360, 0.016644, 0.001498, 9.1e-05
361, 0.016539, 0.001505, 9.3e-05
362, 0.016956, 0.001586, 9.3e-05
363, 0.016275, 0.001567, 9.2e-05
364, 0.016562, 0.001499, 9.2e-05
365, 0.016868, 0.001528, 9.3e-05
366, 0.016588, 0.001508, 9.2e-05
367, 0.016605, 0.001503, 8.9e-05
368, 0.016701, 0.0015, 9.3e-05
369, 0.016886, 0.001506, 0.00012
370, 0.016366, 0.001524, 0.000102
371, 0.016737, 0.001511, 9.4e-05
372, 0.016548, 0.00151, 9.5e-05
373, 0.016493, 0.001497, 9.6e-05
374, 0.016606, 0.001505, 9.4e-05
375, 0.016686, 0.001506, 9.3e-05
376, 0.016562, 0.001542, 9.5e-05
377, 0.016618, 0.001502, 9.1e-05
378, 0.016697, 0.001502, 9.5e-05
379, 0.016531, 0.001503, 8.9e-05
380, 0.016498, 0.001552, 0.000101
381, 0.016677, 0.001494, 9.8e-05
382, 0.016711, 0.001507, 9.6e-05
383, 0.016507, 0.001507, 9.2e-05
384, 0.016739, 0.001507, 9.4e-05
385, 0.016673, 0.001507, 9.2e-05
386, 0.016443, 0.001504, 9.3e-05
387, 0.016718, 0.00154, 8.7e-05
388, 0.016616, 0.001504, 9.5e-05
389, 0.016691, 0.001503, 9e-05
390, 0.01666, 0.001511, 9.3e-05
391, 0.016598, 0.001505, 9.1e-05
392, 0.016659, 0.00151, 9.9e-05
393, 0.016656, 0.001501, 9e-05
394, 0.016684, 0.001653, 0.000105
395, 0.016471, 0.001502, 9.1e-05
396, 0.01676, 0.001504, 9.2e-05
397, 0.016505, 0.001505, 9.1e-05
398, 0.016557, 0.001501, 9.2e-05
399, 0.016806, 0.001496, 9.4e-05
400, 0.016584, 0.001539, 9.4e-05
401, 0.016774, 0.001506, 9.3e-05
402, 0.017067, 0.001498, 0.00011
403, 0.016141, 0.0015, 8.8e-05
404, 0.016664, 0.001507, 9.6e-05
405, 0.016546, 0.001497, 9.2e-05
406, 0.016834, 0.001505, 9.3e-05
407, 0.016345, 0.001533, 9e-05
408, 0.017076, 0.00154, 0.000105
409, 0.016344, 0.001503, 9.2e-05
410, 0.016502, 0.001529, 9.2e-05
411, 0.016613, 0.001511, 9e-05
412, 0.016694, 0.001502, 9.4e-05
413, 0.016596, 0.001499, 8.9e-05
414, 0.016755, 0.001509, 9.3e-05
415, 0.016754, 0.001556, 9.6e-05
416, 0.016435, 0.001511, 9.2e-05
417, 0.016448, 0.001507, 9.1e-05
418, 0.016813, 0.001508, 9.5e-05
419, 0.016413, 0.001504, 9e-05
420, 0.016861, 0.001499, 9.5e-05
421, 0.016613, 0.001499, 9.1e-05
422, 0.016514, 0.001541, 9.6e-05
423, 0.016568, 0.001501, 9e-05
424, 0.016396, 0.001499, 9.5e-05
425, 0.016566, 0.001504, 9.1e-05
426, 0.016695, 0.001538, 9.3e-05
427, 0.016505, 0.001504, 8.8e-05
428, 0.016963, 0.001506, 9.3e-05
429, 0.016357, 0.00151, 8.9e-05
430, 0.016775, 0.001497, 9.2e-05
431, 0.016558, 0.001507, 9.3e-05
432, 0.016824, 0.0015, 9.3e-05
433, 0.016735, 0.001494, 9.9e-05
434, 0.016324, 0.001501, 9.4e-05
435, 0.017058, 0.001507, 8.9e-05
436, 0.016278, 0.001497, 9.4e-05
437, 0.016769, 0.0015, 8.9e-05
438, 0.016467, 0.00156, 9.2e-05
439, 0.01667, 0.00155, 9.7e-05
440, 0.016773, 0.001503, 9.3e-05
441, 0.016735, 0.001499, 9.5e-05
442, 0.016527, 0.001501, 9.4e-05
443, 0.016527, 0.001504, 9.9e-05
444, 0.01683, 0.001505, 9.3e-05
445, 0.016629, 0.001508, 0.000103
446, 0.016482, 0.001579, 9.2e-05
447, 0.016758, 0.001513, 9.4e-05
448, 0.016838, 0.001499, 9.2e-05
449, 0.016342, 0.001506, 9.5e-05
450, 0.01659, 0.001511, 9.6e-05
451, 0.016714, 0.001506, 9.1e-05
452, 0.016786, 0.001505, 9.4e-05
453, 0.01646, 0.001498, 8.8e-05
454, 0.016923, 0.001523, 9.8e-05
455, 0.016412, 0.001499, 8.9e-05
456, 0.0169, 0.001573, 9.4e-05
457, 0.016525, 0.002082, 0.000115
458, 0.01664, 0.001503, 9.5e-05
459, 0.016488, 0.001506, 9e-05
460, 0.01677, 0.0015, 9.2e-05
461, 0.016685, 0.001503, 9.2e-05
462, 0.016369, 0.001489, 0.0001
463, 0.016657, 0.001499, 9e-05
464, 0.016548, 0.001498, 9.3e-05
465, 0.016742, 0.001516, 9e-05
466, 0.01662, 0.001498, 9.2e-05
467, 0.016999, 0.001507, 9.1e-05
468, 0.016444, 0.001502, 9.5e-05
469, 0.016671, 0.001509, 9.1e-05
470, 0.016524, 0.00154, 9.4e-05
471, 0.016611, 0.001508, 9.9e-05
472, 0.016605, 0.001498, 9.4e-05
473, 0.016616, 0.0015, 8.9e-05
474, 0.016914, 0.001516, 9.4e-05
475, 0.016406, 0.001502, 9e-05
476, 0.016637, 0.001496, 9.4e-05
477, 0.016617, 0.0015, 8.9e-05
478, 0.016764, 0.001496, 9.1e-05
479, 0.016618, 0.00152, 0.000113
480, 0.016945, 0.001508, 9.3e-05
481, 0.016593, 0.001733, 9.6e-05
482, 0.016571, 0.001499, 9.4e-05
483, 0.016432, 0.001646, 9.3e-05
484, 0.016752, 0.001504, 9.3e-05
485, 0.016482, 0.0015, 8.8e-05
486, 0.016783, 0.001506, 9.7e-05
487, 0.016757, 0.001502, 9e-05
488, 0.01641, 0.001502, 9.2e-05
489, 0.016561, 0.001507, 9.5e-05
490, 0.016734, 0.001513, 9.4e-05
491, 0.016735, 0.00151, 9e-05
492, 0.016613, 0.00151, 0.000109
493, 0.016688, 0.001505, 9.1e-05
494, 0.016773, 0.00151, 9.6e-05
495, 0.016414, 0.001509, 9e-05
496, 0.01658, 0.001503, 9.3e-05
497, 0.016568, 0.001503, 9e-05
498, 0.016664, 0.0015, 9.4e-05
499, 0.016896, 0.001504, 8.8e-05
500, 0.016617, 0.001518, 9.6e-05
501, 0.016423, 0.001508, 9.6e-05
502, 0.016732, 0.00155, 9.4e-05
503, 0.016643, 0.001551, 8.9e-05
504, 0.016677, 0.001513, 9.4e-05
505, 0.016739, 0.001508, 9.1e-05
506, 0.016884, 0.001501, 9.3e-05
507, 0.016327, 0.001506, 9.1e-05
508, 0.016462, 0.001498, 9.4e-05
509, 0.016877, 0.001507, 9.2e-05
510, 0.016481, 0.001518, 9.3e-05
511, 0.016681, 0.001507, 9.1e-05
512, 0.01656, 0.001502, 9.4e-05
513, 0.016796, 0.001496, 0.000111
514, 0.016378, 0.001503, 9.3e-05
515, 0.016916, 0.001504, 8.9e-05
516, 0.016518, 0.001575, 0.0001
517, 0.016528, 0.001496, 9.2e-05
518, 0.016794, 0.001711, 9.7e-05
519, 0.016488, 0.00168, 9.2e-05
520, 0.01685, 0.001684, 9.9e-05
521, 0.016439, 0.001723, 9.5e-05
522, 0.016684, 0.00169, 9.6e-05
523, 0.016618, 0.001498, 9.4e-05
524, 0.01665, 0.001652, 9.6e-05
525, 0.016746, 0.001708, 9.2e-05
526, 0.01672, 0.001718, 9.3e-05
527, 0.016568, 0.001738, 9.5e-05
528, 0.016611, 0.001503, 9.4e-05
529, 0.016626, 0.001747, 9.7e-05
530, 0.016827, 0.0015, 9.4e-05
531, 0.016511, 0.001506, 9.6e-05
532, 0.016701, 0.001704, 9.6e-05
533, 0.016818, 0.001688, 9.1e-05
534, 0.016394, 0.00173, 9.1e-05
535, 0.016559, 0.001676, 9.1e-05
536, 0.016646, 0.001498, 9.2e-05
537, 0.016607, 0.001512, 9.1e-05
538, 0.016735, 0.001502, 9.2e-05
539, 0.017719, 0.001492, 9.4e-05
540, 0.015863, 0.001526, 9.8e-05
541, 0.016365, 0.001506, 9.3e-05
542, 0.016889, 0.001529, 9.1e-05
543, 0.016337, 0.001502, 9.1e-05
544, 0.016713, 0.001497, 9.1e-05
545, 0.016754, 0.001511, 8.9e-05
546, 0.016696, 0.001501, 9.4e-05
547, 0.016497, 0.0015, 8.9e-05
548, 0.01657, 0.001502, 9.3e-05
549, 0.016736, 0.001494, 9.7e-05
550, 0.016543, 0.001506, 9.3e-05
551, 0.016741, 0.001744, 9.7e-05
552, 0.016723, 0.001517, 0.000101
553, 0.016808, 0.0015, 0.000101
554, 0.016652, 0.001496, 9.2e-05
555, 0.016324, 0.001506, 9.1e-05
556, 0.016797, 0.001504, 9.2e-05
557, 0.016523, 0.00151, 9.3e-05
558, 0.01668, 0.001507, 9.3e-05
559, 0.016777, 0.001492, 9.6e-05
560, 0.016503, 0.00152, 9.6e-05
561, 0.016615, 0.001499, 9.7e-05
562, 0.016679, 0.001507, 9.4e-05
563, 0.016845, 0.001507, 9.3e-05
564, 0.016578, 0.00152, 9.5e-05
565, 0.016853, 0.001506, 9.2e-05
566, 0.016753, 0.001511, 9.5e-05
567, 0.016312, 0.001509, 8.9e-05
568, 0.016507, 0.00153, 9.3e-05
569, 0.017069, 0.001507, 9.5e-05
570, 0.016091, 0.001503, 9.4e-05
571, 0.016633, 0.00149, 9.4e-05
572, 0.016875, 0.001501, 9.4e-05
573, 0.016559, 0.001501, 9.1e-05
574, 0.016692, 0.001499, 9.4e-05
575, 0.016562, 0.001499, 8.9e-05
576, 0.016749, 0.001542, 9.6e-05
577, 0.016663, 0.001514, 9.1e-05
578, 0.016799, 0.001499, 0.000141
579, 0.016671, 0.001502, 8.7e-05
580, 0.016237, 0.001501, 9.3e-05
581, 0.016877, 0.0015, 9e-05
582, 0.016491, 0.001507, 9.4e-05
583, 0.0166, 0.001503, 9.1e-05
584, 0.016911, 0.001505, 9.4e-05
585, 0.016486, 0.001503, 9.1e-05
586, 0.016567, 0.001592, 0.000103
587, 0.016681, 0.001499, 9.3e-05
588, 0.016626, 0.001531, 0.000103
589, 0.016808, 0.001587, 9.5e-05
590, 0.016753, 0.0015, 9.4e-05
591, 0.016496, 0.001506, 9.3e-05
592, 0.016846, 0.001509, 9.3e-05
593, 0.016252, 0.001503, 9.2e-05
594, 0.016624, 0.001498, 9.4e-05
595, 0.016808, 0.001713, 8.9e-05
596, 0.016465, 0.001739, 9.8e-05
597, 0.01674, 0.001551, 9.1e-05
598, 0.01669, 0.001743, 9.9e-05
599, 0.016741, 0.001678, 9.2e-05
600, 0.016676, 0.00186, 0.000109
601, 0.016621, 0.001521, 0.000139
602, 0.016653, 0.001536, 0.0001
603, 0.016466, 0.001548, 9e-05
604, 0.0169, 0.0015, 9.3e-05
605, 0.016552, 0.001508, 9.3e-05
606, 0.016422, 0.001501, 9.3e-05
607, 0.01686, 0.001497, 9.2e-05
608, 0.016417, 0.001507, 9.3e-05
609, 0.016719, 0.001507, 9.4e-05
610, 0.01672, 0.001507, 9.7e-05
611, 0.016417, 0.001509, 9.1e-05
612, 0.016918, 0.001514, 9.5e-05
613, 0.016438, 0.001509, 9.6e-05
614, 0.016868, 0.0015, 9.7e-05
615, 0.016893, 0.001547, 9.1e-05
616, 0.017051, 0.001517, 9.6e-05
617, 0.016156, 0.001726, 0.000101
618, 0.016617, 0.0015, 9.7e-05
619, 0.016399, 0.001502, 9.9e-05
620, 0.01686, 0.001504, 0.000101
621, 0.016532, 0.001516, 9.1e-05
622, 0.016875, 0.0015, 9.8e-05
623, 0.016478, 0.001506, 8.9e-05
624, 0.016916, 0.001494, 9e-05
625, 0.016261, 0.001498, 9.1e-05
626, 0.016598, 0.001591, 9.3e-05
627, 0.016881, 0.001505, 9.5e-05
628, 0.016282, 0.001497, 9.3e-05
629, 0.01708, 0.001499, 9.2e-05
630, 0.016504, 0.001517, 0.000105
631, 0.016426, 0.0015, 9e-05
632, 0.016486, 0.001506, 9.4e-05
633, 0.016884, 0.001504, 9e-05
634, 0.017449, 0.001541, 0.000104
635, 0.016187, 0.001521, 9.8e-05
636, 0.016128, 0.001512, 9.8e-05
637, 0.017264, 0.001514, 9.6e-05
638, 0.016972, 0.001523, 0.000109
639, 0.015762, 0.001532, 9.5e-05
640, 0.018093, 0.001513, 9.6e-05
641, 0.014823, 0.001507, 9.5e-05
642, 0.017614, 0.001508, 9.5e-05
643, 0.015634, 0.001507, 8.7e-05
644, 0.016897, 0.001497, 9.1e-05
645, 0.016523, 0.00152, 9.2e-05
646, 0.016647, 0.001537, 9.5e-05
647, 0.016654, 0.001504, 9e-05
648, 0.016765, 0.001502, 9.3e-05
649, 0.016476, 0.001504, 9.1e-05
650, 0.016792, 0.00151, 9.8e-05
651, 0.016726, 0.001589, 9.3e-05
652, 0.016499, 0.001551, 9.2e-05
653, 0.016514, 0.001594, 9.4e-05
654, 0.01674, 0.00169, 9.4e-05
655, 0.01661, 0.001717, 9.8e-05
656, 0.017068, 0.001605, 9.3e-05
657, 0.016116, 0.001569, 9.2e-05
658, 0.016932, 0.001503, 9.6e-05
659, 0.016196, 0.001695, 9.2e-05
660, 0.016884, 0.001698, 9.6e-05
661, 0.016526, 0.00176, 9.8e-05
662, 0.016754, 0.001528, 9.7e-05
663, 0.016503, 0.001543, 8.9e-05
664, 0.017068, 0.001743, 9.7e-05
665, 0.016335, 0.001493, 8.9e-05
666, 0.016594, 0.001498, 9.6e-05
667, 0.016722, 0.001497, 9.5e-05
668, 0.016468, 0.001495, 9.2e-05
669, 0.016816, 0.001503, 9.2e-05
670, 0.016593, 0.001506, 9.5e-05
671, 0.016913, 0.001506, 9.1e-05
672, 0.016416, 0.001536, 9.6e-05
673, 0.016594, 0.001509, 9.2e-05
674, 0.01681, 0.001529, 9.4e-05
675, 0.016874, 0.001504, 9e-05
676, 0.016378, 0.00154, 9.2e-05
677, 0.016577, 0.001503, 9.5e-05
678, 0.01667, 0.001507, 9.8e-05
679, 0.016655, 0.001627, 8.9e-05
680, 0.016539, 0.001508, 9.4e-05
681, 0.016648, 0.001588, 0.000105
682, 0.016736, 0.001512, 9.4e-05
683, 0.016767, 0.001505, 9e-05
684, 0.016581, 0.001502, 9.4e-05
685, 0.016528, 0.001537, 9.2e-05
686, 0.0166, 0.001509, 9.7e-05
687, 0.01662, 0.001504, 9.3e-05
688, 0.016686, 0.001513, 9.2e-05
689, 0.017462, 0.001593, 9e-05
690, 0.015955, 0.001507, 9.4e-05
691, 0.016588, 0.001503, 9.1e-05
692, 0.016505, 0.001505, 9.6e-05
693, 0.016602, 0.001515, 9.1e-05
694, 0.016683, 0.001504, 9.5e-05
695, 0.016697, 0.0015, 8.9e-05
696, 0.016637, 0.001499, 9.4e-05
697, 0.01685, 0.001504, 8.9e-05
698, 0.016517, 0.001502, 9.2e-05
699, 0.016582, 0.001503, 8.9e-05
700, 0.01672, 0.00152, 0.000102
701, 0.016543, 0.00152, 9.9e-05
702, 0.016719, 0.001498, 9.4e-05
703, 0.016755, 0.00151, 9.1e-05
704, 0.016344, 0.001744, 9.5e-05
705, 0.016646, 0.001744, 9.4e-05
706, 0.016731, 0.001628, 9.5e-05
707, 0.016499, 0.001494, 9.6e-05
708, 0.016743, 0.001687, 0.0001
709, 0.016659, 0.001745, 9.3e-05
710, 0.016884, 0.001672, 9.3e-05
711, 0.01638, 0.001504, 9e-05
712, 0.016677, 0.001502, 9.4e-05
713, 0.016799, 0.001494, 9.5e-05
714, 0.016538, 0.001717, 9.5e-05
715, 0.016585, 0.001506, 9.6e-05
716, 0.017329, 0.00172, 9.5e-05
717, 0.015885, 0.001739, 9.2e-05
718, 0.016743, 0.001748, 9.8e-05
719, 0.016592, 0.001505, 9e-05
720, 0.016689, 0.001543, 0.000113
721, 0.016602, 0.0017, 9.1e-05
722, 0.016723, 0.002368, 0.000112
723, 0.016669, 0.001509, 9.2e-05
724, 0.016641, 0.0016, 0.0001
725, 0.016492, 0.001592, 9.7e-05
726, 0.01698, 0.00156, 9.3e-05
727, 0.016335, 0.001633, 9.1e-05
728, 0.016769, 0.001496, 9.6e-05
729, 0.01664, 0.001738, 9.4e-05
730, 0.016571, 0.001722, 9.3e-05
731, 0.016562, 0.001507, 0.0001
732, 0.016647, 0.001504, 9.5e-05
733, 0.016692, 0.001624, 9.1e-05
734, 0.016552, 0.001708, 9.7e-05
735, 0.016844, 0.001744, 9.1e-05
736, 0.016714, 0.001652, 0.000109
737, 0.016575, 0.001693, 9.5e-05
738, 0.016693, 0.001735, 0.0001
739, 0.016489, 0.001503, 9e-05
740, 0.016673, 0.0015, 9.5e-05
741, 0.01664, 0.001578, 8.9e-05
742, 0.016882, 0.001541, 9.3e-05
743, 0.016479, 0.001498, 9.3e-05
744, 0.016504, 0.001499, 9.4e-05
745, 0.016628, 0.001506, 0.0001
746, 0.016654, 0.001497, 9.7e-05
747, 0.016624, 0.001582, 9e-05
748, 0.016864, 0.001509, 0.000122
749, 0.016652, 0.001506, 9e-05
750, 0.016769, 0.002211, 0.000158
751, 0.016305, 0.001512, 9.3e-05
752, 0.016713, 0.001556, 9.8e-05
753, 0.01658, 0.001503, 8.9e-05
754, 0.01672, 0.001501, 9.1e-05
755, 0.016601, 0.001592, 9e-05
756, 0.016708, 0.001504, 9.3e-05
757, 0.016591, 0.001504, 9.1e-05
758, 0.016908, 0.001502, 9.6e-05
759, 0.01624, 0.001499, 9e-05
760, 0.017227, 0.001526, 9.3e-05
761, 0.016147, 0.001507, 9.4e-05
762, 0.016975, 0.001501, 9.3e-05
763, 0.016383, 0.0015, 9.1e-05
764, 0.016588, 0.001491, 9e-05
765, 0.016679, 0.001518, 9.4e-05
766, 0.01658, 0.001502, 9.4e-05
767, 0.016584, 0.001504, 8.9e-05
768, 0.016694, 0.001499, 9e-05
769, 0.016858, 0.001514, 9.1e-05
770, 0.016373, 0.001495, 9.3e-05
771, 0.01673, 0.0015, 9.1e-05
772, 0.016772, 0.001555, 9.4e-05
773, 0.016515, 0.001506, 9e-05
774, 0.016621, 0.001512, 9.4e-05
775, 0.016745, 0.001525, 9.3e-05
776, 0.016522, 0.001503, 9.1e-05
777, 0.016648, 0.001526, 8.9e-05
778, 0.016599, 0.001494, 9.8e-05
779, 0.016567, 0.001498, 9.2e-05
780, 0.0167, 0.001509, 9.6e-05
781, 0.016653, 0.001506, 9.2e-05
782, 0.01685, 0.001509, 9.9e-05
783, 0.016386, 0.001506, 9.3e-05
784, 0.0166, 0.001505, 9.6e-05
785, 0.016693, 0.001506, 9.8e-05
786, 0.01676, 0.001507, 9.7e-05
787, 0.016588, 0.001503, 9.2e-05
788, 0.016678, 0.001504, 9.3e-05
789, 0.016705, 0.001504, 8.7e-05
790, 0.016628, 0.001541, 9.7e-05
791, 0.016445, 0.001507, 9e-05
792, 0.017021, 0.001548, 9.3e-05
793, 0.016251, 0.001498, 8.9e-05
794, 0.016664, 0.001709, 9.8e-05
795, 0.016808, 0.001619, 9.2e-05
796, 0.016507, 0.001552, 9.3e-05
797, 0.016659, 0.001696, 9.6e-05
798, 0.016674, 0.001513, 9.7e-05
799, 0.016525, 0.001524, 9.3e-05
800, 0.016734, 0.00149, 9.6e-05
801, 0.016564, 0.001714, 9.3e-05
802, 0.016839, 0.001565, 0.000106
803, 0.016332, 0.001492, 9.3e-05
804, 0.016783, 0.001501, 9.5e-05
805, 0.016627, 0.00156, 9e-05
806, 0.016699, 0.001505, 9.7e-05
807, 0.01662, 0.001538, 9.4e-05
808, 0.016759, 0.001502, 9.2e-05
809, 0.016534, 0.001501, 9.3e-05
810, 0.017172, 0.001566, 0.000103
811, 0.01616, 0.001505, 9.2e-05
812, 0.016772, 0.001504, 9.4e-05
813, 0.016527, 0.001499, 9.7e-05
814, 0.016536, 0.001515, 9.3e-05
815, 0.016775, 0.001506, 9e-05
816, 0.016548, 0.001849, 0.000111
817, 0.016553, 0.001501, 9e-05
818, 0.016891, 0.001503, 9.4e-05
819, 0.016577, 0.001508, 9.5e-05
820, 0.016627, 0.001506, 9.3e-05
821, 0.016715, 0.001637, 0.000105
822, 0.01672, 0.001507, 9.6e-05
823, 0.016437, 0.001555, 9.5e-05
824, 0.016604, 0.0015, 0.000105
825, 0.016873, 0.001574, 9.6e-05
826, 0.016373, 0.001499, 9.3e-05
827, 0.016742, 0.001505, 9.1e-05
828, 0.016853, 0.001501, 9.4e-05
829, 0.016504, 0.001507, 9.2e-05
830, 0.016579, 0.001502, 9.3e-05
831, 0.016501, 0.001496, 9e-05
832, 0.016761, 0.001504, 9.2e-05
833, 0.016525, 0.001505, 9e-05
834, 0.017138, 0.001505, 9.6e-05
835, 0.016411, 0.001504, 9.1e-05
836, 0.016547, 0.001501, 9.8e-05
837, 0.016659, 0.001506, 9.2e-05
838, 0.01648, 0.001505, 9.2e-05
839, 0.016704, 0.001495, 9.4e-05
840, 0.016618, 0.001485, 9.6e-05
841, 0.016782, 0.001501, 8.8e-05
842, 0.016516, 0.001505, 9.3e-05
843, 0.01679, 0.001545, 9e-05
844, 0.016517, 0.001507, 9.3e-05
845, 0.016568, 0.001506, 0.00011
846, 0.017008, 0.001593, 9.6e-05
847, 0.016651, 0.001502, 9.1e-05
848, 0.016575, 0.001511, 9.6e-05
849, 0.016416, 0.001503, 9.7e-05
850, 0.016736, 0.0015, 9.2e-05
851, 0.016474, 0.001503, 9.4e-05
852, 0.016679, 0.001505, 0.0001
853, 0.01654, 0.001508, 9.1e-05
854, 0.017102, 0.001498, 9.3e-05
855, 0.016334, 0.001503, 9.1e-05
856, 0.016559, 0.001508, 9.8e-05
857, 0.016792, 0.0015, 9e-05
858, 0.016648, 0.001505, 0.000121
859, 0.016731, 0.001513, 9.1e-05
860, 0.016421, 0.001502, 9.9e-05
861, 0.01696, 0.001507, 9.5e-05
862, 0.016614, 0.001503, 9.5e-05
863, 0.016375, 0.00151, 9.2e-05
864, 0.016539, 0.001503, 0.000114
865, 0.01673, 0.001502, 9e-05
866, 0.016615, 0.001504, 0.000109
867, 0.016849, 0.001495, 8.9e-05
868, 0.016635, 0.00149, 0.000114
869, 0.016526, 0.001609, 9e-05
870, 0.028636, 0.00151, 9.6e-05
871, 0.021481, 0.001501, 0.000123
872, 0.016505, 0.001509, 9.5e-05
873, 0.017135, 0.001506, 8.9e-05
874, 0.016097, 0.00151, 9.2e-05
875, 0.016587, 0.0015, 8.9e-05
876, 0.016635, 0.001497, 9.4e-05
877, 0.016772, 0.001502, 9.3e-05
878, 0.016526, 0.001498, 9.1e-05
879, 0.016981, 0.0015, 9.4e-05
880, 0.016337, 0.001494, 9.7e-05
881, 0.016674, 0.001518, 9.3e-05
882, 0.016857, 0.001582, 9.9e-05
883, 0.016477, 0.001506, 0.000101
884, 0.016577, 0.001506, 9.5e-05
885, 0.016744, 0.001508, 9.1e-05
886, 0.01661, 0.001513, 9.3e-05
887, 0.016564, 0.001512, 8.9e-05
888, 0.016682, 0.001521, 9.3e-05
889, 0.016541, 0.001512, 9.5e-05
890, 0.016597, 0.001502, 9.6e-05
891, 0.016645, 0.001513, 9.5e-05
892, 0.016935, 0.001545, 9.3e-05
893, 0.016477, 0.001493, 9.3e-05
894, 0.016694, 0.0015, 9.4e-05
895, 0.016762, 0.001505, 0.000106
896, 0.016517, 0.001499, 9.4e-05
897, 0.016759, 0.001497, 8.9e-05
898, 0.016525, 0.001502, 9.2e-05
899, 0.016719, 0.001508, 9e-05
900, 0.016463, 0.001499, 9.3e-05
901, 0.016709, 0.001506, 9.2e-05
902, 0.016712, 0.001504, 0.000102
903, 0.01671, 0.001514, 9.3e-05
904, 0.016584, 0.001502, 9.5e-05
905, 0.017151, 0.001497, 9.1e-05
906, 0.01627, 0.001503, 9.2e-05
907, 0.016535, 0.001534, 0.000103
908, 0.016659, 0.00163, 9.4e-05
909, 0.016682, 0.0015, 9e-05
910, 0.016417, 0.001509, 0.000103
911, 0.016786, 0.001501, 9.1e-05
912, 0.016669, 0.001504, 0.000101
913, 0.016425, 0.001505, 9.1e-05
914, 0.016791, 0.001649, 9.7e-05
915, 0.01661, 0.001507, 9.1e-05
916, 0.016713, 0.001523, 9.5e-05
917, 0.016585, 0.001495, 8.9e-05
918, 0.016589, 0.001501, 9.4e-05
919, 0.016796, 0.001521, 9e-05
920, 0.016488, 0.001503, 9.8e-05
921, 0.016863, 0.001511, 9e-05
922, 0.016407, 0.001513, 9.3e-05
923, 0.016709, 0.001501, 9.3e-05
924, 0.016658, 0.001499, 9.2e-05
925, 0.016811, 0.001503, 9.5e-05
926, 0.01648, 0.00151, 9.5e-05
927, 0.016752, 0.001501, 9.1e-05
928, 0.016536, 0.001511, 9e-05
929, 0.016893, 0.001499, 9.2e-05
930, 0.016323, 0.00164, 9.6e-05
931, 0.016639, 0.00151, 8.9e-05
932, 0.016877, 0.001516, 9.4e-05
933, 0.016484, 0.001512, 0.000104
934, 0.016684, 0.001497, 9.9e-05
935, 0.016636, 0.001502, 9.2e-05
936, 0.016688, 0.001499, 9.3e-05
937, 0.016424, 0.001507, 9e-05
938, 0.016777, 0.001596, 9.3e-05
939, 0.016644, 0.001505, 9e-05
940, 0.01651, 0.001515, 9.8e-05
941, 0.016662, 0.00151, 9.7e-05
942, 0.016677, 0.00154, 9.7e-05
943, 0.016531, 0.001494, 9.8e-05
944, 0.016855, 0.001509, 9.6e-05
945, 0.016932, 0.001595, 9.5e-05
946, 0.016348, 0.001512, 9.6e-05
947, 0.016684, 0.001497, 9.1e-05
948, 0.016526, 0.001499, 9.6e-05
949, 0.016584, 0.001501, 9.1e-05
950, 0.016718, 0.001495, 0.000107
951, 0.016568, 0.002463, 0.000114
952, 0.017125, 0.001505, 9.3e-05
953, 0.016159, 0.001502, 8.8e-05
954, 0.016702, 0.001543, 9.2e-05
955, 0.016575, 0.001545, 8.8e-05
956, 0.016705, 0.001503, 9.5e-05
957, 0.016736, 0.001505, 9.5e-05
958, 0.016767, 0.001508, 9.4e-05
959, 0.016808, 0.001496, 9.4e-05
960, 0.016436, 0.001497, 9.3e-05
961, 0.016545, 0.001499, 9.1e-05
962, 0.016591, 0.001515, 9.4e-05
963, 0.016665, 0.001505, 9.4e-05
964, 0.016633, 0.001522, 9.8e-05
965, 0.016992, 0.001729, 9.5e-05
966, 0.016179, 0.001509, 9.2e-05
967, 0.016645, 0.001534, 8.8e-05
968, 0.016798, 0.001508, 9.3e-05
969, 0.01677, 0.001504, 9.9e-05
970, 0.016571, 0.001505, 9.5e-05
971, 0.016686, 0.001505, 9.1e-05
972, 0.016564, 0.001506, 9.2e-05
973, 0.01659, 0.001511, 9e-05
974, 0.016646, 0.001675, 9.5e-05
975, 0.016676, 0.001502, 9e-05
976, 0.016595, 0.001503, 9.7e-05
977, 0.01664, 0.001498, 9e-05
978, 0.016777, 0.001513, 9.5e-05
979, 0.016428, 0.001504, 8.9e-05
980, 0.016702, 0.001498, 9.3e-05
981, 0.016918, 0.001518, 9.5e-05
982, 0.016503, 0.001516, 9.3e-05
983, 0.016632, 0.001551, 9.1e-05
984, 0.016781, 0.001542, 9e-05
985, 0.016378, 0.001559, 9.1e-05
986, 0.016648, 0.001625, 9.4e-05
987, 0.016755, 0.001501, 9.5e-05
988, 0.016556, 0.001497, 9.3e-05
989, 0.016617, 0.001549, 9.1e-05
990, 0.016742, 0.001504, 9.6e-05
991, 0.016879, 0.00151, 9.5e-05
992, 0.016376, 0.001504, 9.3e-05
993, 0.016856, 0.001495, 8.9e-05
994, 0.016369, 0.00151, 9.5e-05
995, 0.016789, 0.001505, 9.3e-05
996, 0.016628, 0.001506, 0.0001
997, 0.016669, 0.001505, 9.2e-05
998, 0.016675, 0.001502, 9.1e-05
999, 0.016548, 0.001503, 9.5e-05
1000, 0.016774, 0.001523, 0.000108
1001, 0.01657, 0.001503, 9.5e-05
1002, 0.016527, 0.001537, 9.3e-05
1003, 0.016564, 0.001501, 9e-05
1004, 0.016872, 0.001502, 9.5e-05
1005, 0.016476, 0.001503, 9.2e-05
1006, 0.016596, 0.001727, 9.8e-05
1007, 0.016675, 0.001521, 0.000109
1008, 0.01688, 0.001626, 9.5e-05
1009, 0.016424, 0.001495, 9.6e-05
1010, 0.016649, 0.001565, 0.000102
1011, 0.016628, 0.001514, 9.1e-05
1012, 0.016502, 0.001507, 9.3e-05
1013, 0.016636, 0.001502, 9.1e-05
1014, 0.016764, 0.001762, 9.3e-05
1015, 0.016477, 0.001497, 9e-05
1016, 0.016843, 0.001506, 9.2e-05
1017, 0.016875, 0.001497, 9.5e-05
1018, 0.016308, 0.001508, 9.5e-05
1019, 0.016671, 0.00152, 0.0001
1020, 0.01691, 0.001511, 9.4e-05
1021, 0.01663, 0.001501, 9.1e-05
1022, 0.016482, 0.001504, 9.2e-05
1023, 0.016805, 0.001503, 8.9e-05
1024, 0.016495, 0.001505, 9.5e-05
1025, 0.016495, 0.001505, 9.5e-05
1026, 0.016495, 0.001505, 9.5e-05
1027, 0.016495, 0.001505, 9.5e-05
1028, 0.016495, 0.001505, 9.5e-05
1029, 0.016495, 0.001505, 9.5e-05
1030, 0.016495, 0.001505, 9.5e-05
1031, 0.016495, 0.001505, 9.5e-05
1032, 0.016495, 0.001505, 9.5e-05
1033, 0.016495, 0.001505, 9.5e-05
1034, 0.016495, 0.001505, 9.5e-05
1035, 0.016495, 0.001505, 9.5e-05
1036, 0.016495, 0.001505, 9.5e-05
1037, 0.016495, 0.001505, 9.5e-05
1038, 0.016495, 0.001505, 9.5e-05
1039, 0.016495, 0.001505, 9.5e-05
1040, 0.016495, 0.001505, 9.5e-05
1041, 0.016495, 0.001505, 9.5e-05
1042, 0.016495, 0.001505, 9.5e-05
1043, 0.016495, 0.001505, 9.5e-05
1044, 0.016495, 0.001505, 9.5e-05
1045, 0.016495, 0.001505, 9.5e-05
1046, 0.016495, 0.001505, 9.5e-05
1047, 0.016495, 0.001505, 9.5e-05
1048, 0.016495, 0.001505, 9.5e-05
1049, 0.016495, 0.001505, 9.5e-05
1050, 0.016495, 0.001505, 9.5e-05
1051, 0.016495, 0.001505, 9.5e-05
1052, 0.016495, 0.001505, 9.5e-05
1053, 0.016495, 0.001505, 9.5e-05
1054, 0.016495, 0.001505, 9.5e-05
1055, 0.016495, 0.001505, 9.5e-05
1056, 0.016495, 0.001505, 9.5e-05
1057, 0.016495, 0.001505, 9.5e-05
1058, 0.016495, 0.001505, 9.5e-05
1059, 0.016495, 0.001505, 9.5e-05
1060, 0.016495, 0.001505, 9.5e-05
1061, 0.016495, 0.001505, 9.5e-05
1062, 0.016495, 0.001505, 9.5e-05
1063, 0.016495, 0.001505, 9.5e-05
1064, 0.016495, 0.001505, 9.5e-05
1065, 0.016495, 0.001505, 9.5e-05
1066, 0.016495, 0.001505, 9.5e-05
1067, 0.016495, 0.001505, 9.5e-05
1068, 0.016495, 0.001505, 9.5e-05
1069, 0.016495, 0.001505, 9.5e-05
1070, 0.016495, 0.001505, 9.5e-05
1071, 0.016495, 0.001505, 9.5e-05
1072, 0.016495, 0.001505, 9.5e-05
1073, 0.016495, 0.001505, 9.5e-05
1074, 0.016495, 0.001505, 9.5e-05
1075, 0.016495, 0.001505, 9.5e-05
1076, 0.016495, 0.001505, 9.5e-05
1077, 0.016495, 0.001505, 9.5e-05
1078, 0.016495, 0.001505, 9.5e-05
1079, 0.016495, 0.001505, 9.5e-05
1080, 0.016495, 0.001505, 9.5e-05
1081, 0.016495, 0.001505, 9.5e-05
1082, 0.016495, 0.001505, 9.5e-05
1083, 0.016495, 0.001505, 9.5e-05
1084, 0.016495, 0.001505, 9.5e-05
1085, 0.016495, 0.001505, 9.5e-05
1086, 0.016495, 0.001505, 9.5e-05
1087, 0.016495, 0.001505, 9.5e-05
1088, 0.016495, 0.001505, 9.5e-05
1089, 0.016495, 0.001505, 9.5e-05
1090, 0.016495, 0.001505, 9.5e-05
1091, 0.016495, 0.001505, 9.5e-05
1092, 0.016495, 0.001505, 9.5e-05
1093, 0.016495, 0.001505, 9.5e-05
1094, 0.016495, 0.001505, 9.5e-05
1095, 0.016495, 0.001505, 9.5e-05
1096, 0.016495, 0.001505, 9.5e-05
1097, 0.016495, 0.001505, 9.5e-05
1098, 0.016495, 0.001505, 9.5e-05
1099, 0.016495, 0.001505, 9.5e-05
1100, 0.016495, 0.001505, 9.5e-05
1101, 0.016495, 0.001505, 9.5e-05
1102, 0.016495, 0.001505, 9.5e-05
1103, 0.016495, 0.001505, 9.5e-05
1104, 0.016495, 0.001505, 9.5e-05
1105, 0.016495, 0.001505, 9.5e-05
1106, 0.016495, 0.001505, 9.5e-05
1107, 0.016495, 0.001505, 9.5e-05
1108, 0.016495, 0.001505, 9.5e-05
1109, 0.016495, 0.001505, 9.5e-05
1110, 0.016495, 0.001505, 9.5e-05
1111, 0.016495, 0.001505, 9.5e-05
1112, 0.016495, 0.001505, 9.5e-05
1113, 0.016495, 0.001505, 9.5e-05
1114, 0.016495, 0.001505, 9.5e-05
1115, 0.016495, 0.001505, 9.5e-05
1116, 0.016495, 0.001505, 9.5e-05
1117, 0.016495, 0.001505, 9.5e-05
1118, 0.016495, 0.001505, 9.5e-05
1119, 0.016495, 0.001505, 9.5e-05
1120, 0.016495, 0.001505, 9.5e-05
1121, 0.016495, 0.001505, 9.5e-05
1122, 0.016495, 0.001505, 9.5e-05
1123, 0.016495, 0.001505, 9.5e-05
1124, 0.016495, 0.001505, 9.5e-05
1125, 0.016495, 0.001505, 9.5e-05
1126, 0.016495, 0.001505, 9.5e-05
1127, 0.016495, 0.001505, 9.5e-05
1128, 0.016495, 0.001505, 9.5e-05
1129, 0.016495, 0.001505, 9.5e-05
1130, 0.016495, 0.001505, 9.5e-05
1131, 0.016495, 0.001505, 9.5e-05
1132, 0.016495, 0.001505, 9.5e-05
1133, 0.016495, 0.001505, 9.5e-05
1134, 0.016495, 0.001505, 9.5e-05
1135, 0.016495, 0.001505, 9.5e-05
1136, 0.016495, 0.001505, 9.5e-05
1137, 0.016495, 0.001505, 9.5e-05
1138, 0.016495, 0.001505, 9.5e-05
1139, 0.016495, 0.001505, 9.5e-05
1140, 0.016495, 0.001505, 9.5e-05
1141, 0.016495, 0.001505, 9.5e-05
1142, 0.016495, 0.001505, 9.5e-05
1143, 0.016495, 0.001505, 9.5e-05
1144, 0.016495, 0.001505, 9.5e-05
1145, 0.016495, 0.001505, 9.5e-05
1146, 0.016495, 0.001505, 9.5e-05
1147, 0.016495, 0.001505, 9.5e-05
1148, 0.016495, 0.001505, 9.5e-05
1149, 0.016495, 0.001505, 9.5e-05
1150, 0.016495, 0.001505, 9.5e-05
1151, 0.016495, 0.001505, 9.5e-05
1152, 0.016495, 0.001505, 9.5e-05
1153, 0.016495, 0.001505, 9.5e-05
1154, 0.016495, 0.001505, 9.5e-05
1155, 0.016495, 0.001505, 9.5e-05
1156, 0.016495, 0.001505, 9.5e-05
1157, 0.016495, 0.001505, 9.5e-05
1158, 0.016495, 0.001505, 9.5e-05
1159, 0.016495, 0.001505, 9.5e-05
1160, 0.016495, 0.001505, 9.5e-05
1161, 0.016495, 0.001505, 9.5e-05
1162, 0.016495, 0.001505, 9.5e-05
1163, 0.016495, 0.001505, 9.5e-05
1164, 0.016495, 0.001505, 9.5e-05
1165, 0.016495, 0.001505, 9.5e-05
1166, 0.016495, 0.001505, 9.5e-05
1167, 0.016495, 0.001505, 9.5e-05
1168, 0.016495, 0.001505, 9.5e-05
1169, 0.016495, 0.001505, 9.5e-05
1170, 0.016495, 0.001505, 9.5e-05
1171, 0.016495, 0.001505, 9.5e-05
1172, 0.016495, 0.001505, 9.5e-05
1173, 0.016495, 0.001505, 9.5e-05
1174, 0.016495, 0.001505, 9.5e-05
1175, 0.016495, 0.001505, 9.5e-05
1176, 0.016495, 0.001505, 9.5e-05
1177, 0.016495, 0.001505, 9.5e-05
1178, 0.016495, 0.001505, 9.5e-05
1179, 0.016495, 0.001505, 9.5e-05
1180, 0.016495, 0.001505, 9.5e-05
1181, 0.016495, 0.001505, 9.5e-05
1182, 0.016495, 0.001505, 9.5e-05
1183, 0.016495, 0.001505, 9.5e-05
1184, 0.016495, 0.001505, 9.5e-05
1185, 0.016495, 0.001505, 9.5e-05
1186, 0.016495, 0.001505, 9.5e-05
1187, 0.016495, 0.001505, 9.5e-05
1188, 0.016495, 0.001505, 9.5e-05
1189, 0.016495, 0.001505, 9.5e-05
1190, 0.016495, 0.001505, 9.5e-05
1191, 0.016495, 0.001505, 9.5e-05
1192, 0.016495, 0.001505, 9.5e-05
1193, 0.016495, 0.001505, 9.5e-05
1194, 0.016495, 0.001505, 9.5e-05
1195, 0.016495, 0.001505, 9.5e-05
1196, 0.016495, 0.001505, 9.5e-05
1197, 0.016495, 0.001505, 9.5e-05
1198, 0.016495, 0.001505, 9.5e-05
1199, 0.016495, 0.001505, 9.5e-05
1200, 0.016495, 0.001505, 9.5e-05
1201, 0.016495, 0.001505, 9.5e-05
1202, 0.016495, 0.001505, 9.5e-05
1203, 0.016495, 0.001505, 9.5e-05
1204, 0.016495, 0.001505, 9.5e-05
1205, 0.016495, 0.001505, 9.5e-05
1206, 0.016495, 0.001505, 9.5e-05
1207, 0.016495, 0.001505, 9.5e-05
1208, 0.016495, 0.001505, 9.5e-05
1209, 0.016495, 0.001505, 9.5e-05
1210, 0.016495, 0.001505, 9.5e-05
1211, 0.016495, 0.001505, 9.5e-05
1212, 0.016495, 0.001505, 9.5e-05
1213, 0.016495, 0.001505, 9.5e-05
1214, 0.016495, 0.001505, 9.5e-05
1215, 0.016495, 0.001505, 9.5e-05
1216, 0.016495, 0.001505, 9.5e-05
1217, 0.016495, 0.001505, 9.5e-05
1218, 0.016495, 0.001505, 9.5e-05
1219, 0.016495, 0.001505, 9.5e-05
1220, 0.016495, 0.001505, 9.5e-05
1221, 0.016495, 0.001505, 9.5e-05
1222, 0.016495, 0.001505, 9.5e-05
1223, 0.016495, 0.001505, 9.5e-05
1224, 0.016495, 0.001505, 9.5e-05
1225, 0.016495, 0.001505, 9.5e-05
1226, 0.016495, 0.001505, 9.5e-05
1227, 0.016495, 0.001505, 9.5e-05
1228, 0.016495, 0.001505, 9.5e-05
1229, 0.016495, 0.001505, 9.5e-05
1230, 0.016495, 0.001505, 9.5e-05
1231, 0.016495, 0.001505, 9.5e-05
1232, 0.016495, 0.001505, 9.5e-05
1233, 0.016495, 0.001505, 9.5e-05
1234, 0.016495, 0.001505, 9.5e-05
1235, 0.016495, 0.001505, 9.5e-05
1236, 0.016495, 0.001505, 9.5e-05
1237, 0.016495, 0.001505, 9.5e-05
1238, 0.016495, 0.001505, 9.5e-05
1239, 0.016495, 0.001505, 9.5e-05
1240, 0.016495, 0.001505, 9.5e-05
1241, 0.016495, 0.001505, 9.5e-05
1242, 0.016495, 0.001505, 9.5e-05
1243, 0.016495, 0.001505, 9.5e-05
1244, 0.016495, 0.001505, 9.5e-05
1245, 0.016495, 0.001505, 9.5e-05
1246, 0.016495, 0.001505, 9.5e-05
1247, 0.016495, 0.001505, 9.5e-05
1248, 0.016495, 0.001505, 9.5e-05
1249, 0.016495, 0.001505, 9.5e-05
1250, 0.016495, 0.001505, 9.5e-05
1251, 0.016495, 0.001505, 9.5e-05
1252, 0.016495, 0.001505, 9.5e-05
1253, 0.016495, 0.001505, 9.5e-05
1254, 0.016495, 0.001505, 9.5e-05
1255, 0.016495, 0.001505, 9.5e-05
1256, 0.016495, 0.001505, 9.5e-05
1257, 0.016495, 0.001505, 9.5e-05
1258, 0.016495, 0.001505, 9.5e-05
1259, 0.016495, 0.001505, 9.5e-05
1260, 0.016495, 0.001505, 9.5e-05
1261, 0.016495, 0.001505, 9.5e-05
1262, 0.016495, 0.001505, 9.5e-05
1263, 0.016495, 0.001505, 9.5e-05
1264, 0.016495, 0.001505, 9.5e-05
1265, 0.016495, 0.001505, 9.5e-05
1266, 0.016495, 0.001505, 9.5e-05
1267, 0.016495, 0.001505, 9.5e-05
1268, 0.016495, 0.001505, 9.5e-05
1269, 0.016495, 0.001505, 9.5e-05
1270, 0.016495, 0.001505, 9.5e-05
1271, 0.016495, 0.001505, 9.5e-05
1272, 0.016495, 0.001505, 9.5e-05
1273, 0.016495, 0.001505, 9.5e-05
1274, 0.016495, 0.001505, 9.5e-05
1275, 0.016495, 0.001505, 9.5e-05
1276, 0.016495, 0.001505, 9.5e-05
1277, 0.016495, 0.001505, 9.5e-05
1278, 0.016495, 0.001505, 9.5e-05
1279, 0.016495, 0.001505, 9.5e-05
1280, 0.016495, 0.001505, 9.5e-05
1281, 0.016495, 0.001505, 9.5e-05
1282, 0.016495, 0.001505, 9.5e-05
1283, 0.016495, 0.001505, 9.5e-05
1284, 0.016495, 0.001505, 9.5e-05
1285, 0.016495, 0.001505, 9.5e-05
1286, 0.016495, 0.001505, 9.5e-05
1287, 0.016495, 0.001505, 9.5e-05
1288, 0.016495, 0.001505, 9.5e-05
1289, 0.016495, 0.001505, 9.5e-05
1290, 0.016495, 0.001505, 9.5e-05
1291, 0.016495, 0.001505, 9.5e-05
1292, 0.016495, 0.001505, 9.5e-05
1293, 0.016495, 0.001505, 9.5e-05
1294, 0.016495, 0.001505, 9.5e-05
1295, 0.016495, 0.001505, 9.5e-05
1296, 0.016495, 0.001505, 9.5e-05
1297, 0.016495, 0.001505, 9.5e-05
1298, 0.016495, 0.001505, 9.5e-05
1299, 0.016495, 0.001505, 9.5e-05
1300, 0.016495, 0.001505, 9.5e-05
1301, 0.016495, 0.001505, 9.5e-05
1302, 0.016495, 0.001505, 9.5e-05
1303, 0.016495, 0.001505, 9.5e-05
1304, 0.016495, 0.001505, 9.5e-05
1305, 0.016495, 0.001505, 9.5e-05
1306, 0.016495, 0.001505, 9.5e-05
1307, 0.016495, 0.001505, 9.5e-05
1308, 0.016495, 0.001505, 9.5e-05
1309, 0.016495, 0.001505, 9.5e-05
1310, 0.016495, 0.001505, 9.5e-05
1311, 0.016495, 0.001505, 9.5e-05
1312, 0.016495, 0.001505, 9.5e-05
1313, 0.016495, 0.001505, 9.5e-05
1314, 0.016495, 0.001505, 9.5e-05
1315, 0.016495, 0.001505, 9.5e-05
1316, 0.016495, 0.001505, 9.5e-05
1317, 0.016495, 0.001505, 9.5e-05
1318, 0.016495, 0.001505, 9.5e-05
1319, 0.016495, 0.001505, 9.5e-05
1320, 0.016495, 0.001505, 9.5e-05
1321, 0.016495, 0.001505, 9.5e-05
1322, 0.016495, 0.001505, 9.5e-05
1323, 0.016495, 0.001505, 9.5e-05
1324, 0.016495, 0.001505, 9.5e-05
1325, 0.016495, 0.001505, 9.5e-05
1326, 0.016495, 0.001505, 9.5e-05
1327, 0.016495, 0.001505, 9.5e-05
1328, 0.016495, 0.001505, 9.5e-05
1329, 0.016495, 0.001505, 9.5e-05
1330, 0.016495, 0.001505, 9.5e-05
1331, 0.016495, 0.001505, 9.5e-05
1332, 0.016495, 0.001505, 9.5e-05
1333, 0.016495, 0.001505, 9.5e-05
1334, 0.016495, 0.001505, 9.5e-05
1335, 0.016495, 0.001505, 9.5e-05
1336, 0.016495, 0.001505, 9.5e-05
1337, 0.016495, 0.001505, 9.5e-05
1338, 0.016495, 0.001505, 9.5e-05
1339, 0.016495, 0.001505, 9.5e-05
1340, 0.016495, 0.001505, 9.5e-05
1341, 0.016495, 0.001505, 9.5e-05
1342, 0.016495, 0.001505, 9.5e-05
1343, 0.016495, 0.001505, 9.5e-05
1344, 0.016495, 0.001505, 9.5e-05
1345, 0.016495, 0.001505, 9.5e-05
1346, 0.016495, 0.001505, 9.5e-05
1347, 0.016495, 0.001505, 9.5e-05
1348, 0.016495, 0.001505, 9.5e-05
1349, 0.016495, 0.001505, 9.5e-05
1350, 0.016495, 0.001505, 9.5e-05
1351, 0.016495, 0.001505, 9.5e-05
1352, 0.016495, 0.001505, 9.5e-05
1353, 0.016495, 0.001505, 9.5e-05
1354, 0.016495, 0.001505, 9.5e-05
1355, 0.016495, 0.001505, 9.5e-05
1356, 0.016495, 0.001505, 9.5e-05
1357, 0.016495, 0.001505, 9.5e-05
1358, 0.016495, 0.001505, 9.5e-05
1359, 0.016495, 0.001505, 9.5e-05
1360, 0.016495, 0.001505, 9.5e-05
1361, 0.016495, 0.001505, 9.5e-05
1362, 0.016495, 0.001505, 9.5e-05
1363, 0.016495, 0.001505, 9.5e-05
1364, 0.016495, 0.001505, 9.5e-05
1365, 0.016495, 0.001505, 9.5e-05
1366, 0.016495, 0.001505, 9.5e-05
1367, 0.016495, 0.001505, 9.5e-05
1368, 0.016495, 0.001505, 9.5e-05
1369, 0.016495, 0.001505, 9.5e-05
1370, 0.016495, 0.001505, 9.5e-05
1371, 0.016495, 0.001505, 9.5e-05
1372, 0.016495, 0.001505, 9.5e-05
1373, 0.016495, 0.001505, 9.5e-05
1374, 0.016495, 0.001505, 9.5e-05
1375, 0.016495, 0.001505, 9.5e-05
1376, 0.016495, 0.001505, 9.5e-05
1377, 0.016495, 0.001505, 9.5e-05
1378, 0.016495, 0.001505, 9.5e-05
1379, 0.016495, 0.001505, 9.5e-05
1380, 0.016495, 0.001505, 9.5e-05
1381, 0.016495, 0.001505, 9.5e-05
1382, 0.016495, 0.001505, 9.5e-05
1383, 0.016495, 0.001505, 9.5e-05
1384, 0.016495, 0.001505, 9.5e-05
1385, 0.016495, 0.001505, 9.5e-05
1386, 0.016495, 0.001505, 9.5e-05
1387, 0.016495, 0.001505, 9.5e-05
1388, 0.016495, 0.001505, 9.5e-05
1389, 0.016495, 0.001505, 9.5e-05
1390, 0.016495, 0.001505, 9.5e-05
1391, 0.016495, 0.001505, 9.5e-05
1392, 0.016495, 0.001505, 9.5e-05
1393, 0.016495, 0.001505, 9.5e-05
1394, 0.016495, 0.001505, 9.5e-05
1395, 0.016495, 0.001505, 9.5e-05
1396, 0.016495, 0.001505, 9.5e-05
1397, 0.016495, 0.001505, 9.5e-05
1398, 0.016495, 0.001505, 9.5e-05
1399, 0.016495, 0.001505, 9.5e-05
1400, 0.016495, 0.001505, 9.5e-05
1401, 0.016495, 0.001505, 9.5e-05
1402, 0.016495, 0.001505, 9.5e-05
1403, 0.016495, 0.001505, 9.5e-05
1404, 0.016495, 0.001505, 9.5e-05
1405, 0.016495, 0.001505, 9.5e-05
1406, 0.016495, 0.001505, 9.5e-05
1407, 0.016495, 0.001505, 9.5e-05
1408, 0.016495, 0.001505, 9.5e-05
1409, 0.016495, 0.001505, 9.5e-05
1410, 0.016495, 0.001505, 9.5e-05
1411, 0.016495, 0.001505, 9.5e-05
1412, 0.016495, 0.001505, 9.5e-05
1413, 0.016495, 0.001505, 9.5e-05
1414, 0.016495, 0.001505, 9.5e-05
1415, 0.016495, 0.001505, 9.5e-05
1416, 0.016495, 0.001505, 9.5e-05
1417, 0.016495, 0.001505, 9.5e-05
1418, 0.016495, 0.001505, 9.5e-05
1419, 0.016495, 0.001505, 9.5e-05
1420, 0.016495, 0.001505, 9.5e-05
1421, 0.016495, 0.001505, 9.5e-05
1422, 0.016495, 0.001505, 9.5e-05
1423, 0.016495, 0.001505, 9.5e-05
1424, 0.016495, 0.001505, 9.5e-05
1425, 0.016495, 0.001505, 9.5e-05
1426, 0.016495, 0.001505, 9.5e-05
1427, 0.016495, 0.001505, 9.5e-05
1428, 0.016495, 0.001505, 9.5e-05
1429, 0.016495, 0.001505, 9.5e-05
1430, 0.016495, 0.001505, 9.5e-05
1431, 0.016495, 0.001505, 9.5e-05
1432, 0.016495, 0.001505, 9.5e-05
1433, 0.016495, 0.001505, 9.5e-05
1434, 0.016495, 0.001505, 9.5e-05
1435, 0.016495, 0.001505, 9.5e-05
1436, 0.016495, 0.001505, 9.5e-05
1437, 0.016495, 0.001505, 9.5e-05
1438, 0.016495, 0.001505, 9.5e-05
1439, 0.016495, 0.001505, 9.5e-05
1440, 0.016495, 0.001505, 9.5e-05
1441, 0.016495, 0.001505, 9.5e-05
1442, 0.016495, 0.001505, 9.5e-05
1443, 0.016495, 0.001505, 9.5e-05
1444, 0.016495, 0.001505, 9.5e-05
1445, 0.016495, 0.001505, 9.5e-05
1446, 0.016495, 0.001505, 9.5e-05
1447, 0.016495, 0.001505, 9.5e-05
1448, 0.016495, 0.001505, 9.5e-05
1449, 0.016495, 0.001505, 9.5e-05
1450, 0.016495, 0.001505, 9.5e-05
1451, 0.016495, 0.001505, 9.5e-05
1452, 0.016495, 0.001505, 9.5e-05
1453, 0.016495, 0.001505, 9.5e-05
1454, 0.016495, 0.001505, 9.5e-05
1455, 0.016495, 0.001505, 9.5e-05
1456, 0.016495, 0.001505, 9.5e-05
1457, 0.016495, 0.001505, 9.5e-05
1458, 0.016495, 0.001505, 9.5e-05
1459, 0.016495, 0.001505, 9.5e-05
1460, 0.016495, 0.001505, 9.5e-05
1461, 0.016495, 0.001505, 9.5e-05
1462, 0.016495, 0.001505, 9.5e-05
1463, 0.016495, 0.001505, 9.5e-05
1464, 0.016495, 0.001505, 9.5e-05
1465, 0.016495, 0.001505, 9.5e-05
1466, 0.016495, 0.001505, 9.5e-05
1467, 0.016495, 0.001505, 9.5e-05
1468, 0.016495, 0.001505, 9.5e-05
1469, 0.016495, 0.001505, 9.5e-05
1470, 0.016495, 0.001505, 9.5e-05
1471, 0.016495, 0.001505, 9.5e-05
1472, 0.016495, 0.001505, 9.5e-05
1473, 0.016495, 0.001505, 9.5e-05
1474, 0.016495, 0.001505, 9.5e-05
1475, 0.016495, 0.001505, 9.5e-05
1476, 0.016495, 0.001505, 9.5e-05
1477, 0.016495, 0.001505, 9.5e-05
1478, 0.016495, 0.001505, 9.5e-05
1479, 0.016495, 0.001505, 9.5e-05
1480, 0.016495, 0.001505, 9.5e-05
1481, 0.016495, 0.001505, 9.5e-05
1482, 0.016495, 0.001505, 9.5e-05
1483, 0.016495, 0.001505, 9.5e-05
1484, 0.016495, 0.001505, 9.5e-05
1485, 0.016495, 0.001505, 9.5e-05
1486, 0.016495, 0.001505, 9.5e-05
1487, 0.016495, 0.001505, 9.5e-05
1488, 0.016495, 0.001505, 9.5e-05
1489, 0.016495, 0.001505, 9.5e-05
1490, 0.016495, 0.001505, 9.5e-05
1491, 0.016495, 0.001505, 9.5e-05
1492, 0.016495, 0.001505, 9.5e-05
1493, 0.016495, 0.001505, 9.5e-05
1494, 0.016495, 0.001505, 9.5e-05
1495, 0.016495, 0.001505, 9.5e-05
1496, 0.016495, 0.001505, 9.5e-05
1497, 0.016495, 0.001505, 9.5e-05
1498, 0.016495, 0.001505, 9.5e-05
1499, 0.016495, 0.001505, 9.5e-05
1500, 0.016495, 0.001505, 9.5e-05
1501, 0.016495, 0.001505, 9.5e-05
1502, 0.016495, 0.001505, 9.5e-05
1503, 0.016495, 0.001505, 9.5e-05
1504, 0.016495, 0.001505, 9.5e-05
1505, 0.016495, 0.001505, 9.5e-05
1506, 0.016495, 0.001505, 9.5e-05
1507, 0.016495, 0.001505, 9.5e-05
1508, 0.016495, 0.001505, 9.5e-05
1509, 0.016495, 0.001505, 9.5e-05
1510, 0.016495, 0.001505, 9.5e-05
1511, 0.016495, 0.001505, 9.5e-05
1512, 0.016495, 0.001505, 9.5e-05
1513, 0.016495, 0.001505, 9.5e-05
1514, 0.016495, 0.001505, 9.5e-05
1515, 0.016495, 0.001505, 9.5e-05
1516, 0.016495, 0.001505, 9.5e-05
1517, 0.016495, 0.001505, 9.5e-05
1518, 0.016495, 0.001505, 9.5e-05
1519, 0.016495, 0.001505, 9.5e-05
1520, 0.016495, 0.001505, 9.5e-05
1521, 0.016495, 0.001505, 9.5e-05
1522, 0.016495, 0.001505, 9.5e-05
1523, 0.016495, 0.001505, 9.5e-05
1524, 0.016495, 0.001505, 9.5e-05
1525, 0.016495, 0.001505, 9.5e-05
1526, 0.016495, 0.001505, 9.5e-05
1527, 0.016495, 0.001505, 9.5e-05
1528, 0.016495, 0.001505, 9.5e-05
1529, 0.016495, 0.001505, 9.5e-05
1530, 0.016495, 0.001505, 9.5e-05
1531, 0.016495, 0.001505, 9.5e-05
1532, 0.016495, 0.001505, 9.5e-05
1533, 0.016495, 0.001505, 9.5e-05
1534, 0.016495, 0.001505, 9.5e-05
1535, 0.016495, 0.001505, 9.5e-05
1536, 0.016495, 0.001505, 9.5e-05
1537, 0.016495, 0.001505, 9.5e-05
1538, 0.016495, 0.001505, 9.5e-05
1539, 0.016495, 0.001505, 9.5e-05
1540, 0.016495, 0.001505, 9.5e-05
1541, 0.016495, 0.001505, 9.5e-05
1542, 0.016495, 0.001505, 9.5e-05
1543, 0.016495, 0.001505, 9.5e-05
1544, 0.016495, 0.001505, 9.5e-05
1545, 0.016495, 0.001505, 9.5e-05
1546, 0.016495, 0.001505, 9.5e-05
1547, 0.016495, 0.001505, 9.5e-05
1548, 0.016495, 0.001505, 9.5e-05
1549, 0.016495, 0.001505, 9.5e-05
1550, 0.016495, 0.001505, 9.5e-05
1551, 0.016495, 0.001505, 9.5e-05
1552, 0.016495, 0.001505, 9.5e-05
1553, 0.016495, 0.001505, 9.5e-05
1554, 0.016495, 0.001505, 9.5e-05
1555, 0.016495, 0.001505, 9.5e-05
1556, 0.016495, 0.001505, 9.5e-05
1557, 0.016495, 0.001505, 9.5e-05
1558, 0.016495, 0.001505, 9.5e-05
1559, 0.016495, 0.001505, 9.5e-05
1560, 0.016495, 0.001505, 9.5e-05
1561, 0.016495, 0.001505, 9.5e-05
1562, 0.016495, 0.001505, 9.5e-05
1563, 0.016495, 0.001505, 9.5e-05
1564, 0.016495, 0.001505, 9.5e-05
1565, 0.016495, 0.001505, 9.5e-05
1566, 0.016495, 0.001505, 9.5e-05
1567, 0.016495, 0.001505, 9.5e-05
1568, 0.016495, 0.001505, 9.5e-05
1569, 0.016495, 0.001505, 9.5e-05
1570, 0.016495, 0.001505, 9.5e-05
1571, 0.016495, 0.001505, 9.5e-05
1572, 0.016495, 0.001505, 9.5e-05
1573, 0.016495, 0.001505, 9.5e-05
1574, 0.016495, 0.001505, 9.5e-05
1575, 0.016495, 0.001505, 9.5e-05
1576, 0.016495, 0.001505, 9.5e-05
1577, 0.016495, 0.001505, 9.5e-05
1578, 0.016495, 0.001505, 9.5e-05
1579, 0.016495, 0.001505, 9.5e-05
1580, 0.016495, 0.001505, 9.5e-05
1581, 0.016495, 0.001505, 9.5e-05
1582, 0.016495, 0.001505, 9.5e-05
1583, 0.016495, 0.001505, 9.5e-05
1584, 0.016495, 0.001505, 9.5e-05
1585, 0.016495, 0.001505, 9.5e-05
1586, 0.016495, 0.001505, 9.5e-05
1587, 0.016495, 0.001505, 9.5e-05
1588, 0.016495, 0.001505, 9.5e-05
1589, 0.016495, 0.001505, 9.5e-05
1590, 0.016495, 0.001505, 9.5e-05
1591, 0.016495, 0.001505, 9.5e-05
1592, 0.016495, 0.001505, 9.5e-05
1593, 0.016495, 0.001505, 9.5e-05
1594, 0.016495, 0.001505, 9.5e-05
1595, 0.016495, 0.001505, 9.5e-05
1596, 0.016495, 0.001505, 9.5e-05
1597, 0.016495, 0.001505, 9.5e-05
1598, 0.016495, 0.001505, 9.5e-05
1599, 0.016495, 0.001505, 9.5e-05
1600, 0.016495, 0.001505, 9.5e-05
1601, 0.016495, 0.001505, 9.5e-05
1602, 0.016495, 0.001505, 9.5e-05
1603, 0.016495, 0.001505, 9.5e-05
1604, 0.016495, 0.001505, 9.5e-05
1605, 0.016495, 0.001505, 9.5e-05
1606, 0.016495, 0.001505, 9.5e-05
1607, 0.016495, 0.001505, 9.5e-05
1608, 0.016495, 0.001505, 9.5e-05
1609, 0.016495, 0.001505, 9.5e-05
1610, 0.016495, 0.001505, 9.5e-05
1611, 0.016495, 0.001505, 9.5e-05
1612, 0.016495, 0.001505, 9.5e-05
1613, 0.016495, 0.001505, 9.5e-05
1614, 0.016495, 0.001505, 9.5e-05
1615, 0.016495, 0.001505, 9.5e-05
1616, 0.016495, 0.001505, 9.5e-05
1617, 0.016495, 0.001505, 9.5e-05
1618, 0.016495, 0.001505, 9.5e-05
1619, 0.016495, 0.001505, 9.5e-05
1620, 0.016495, 0.001505, 9.5e-05
1621, 0.016495, 0.001505, 9.5e-05
1622, 0.016495, 0.001505, 9.5e-05
1623, 0.016495, 0.001505, 9.5e-05
1624, 0.016495, 0.001505, 9.5e-05
1625, 0.016495, 0.001505, 9.5e-05
1626, 0.016495, 0.001505, 9.5e-05
1627, 0.016495, 0.001505, 9.5e-05
1628, 0.016495, 0.001505, 9.5e-05
1629, 0.016495, 0.001505, 9.5e-05
1630, 0.016495, 0.001505, 9.5e-05
1631, 0.016495, 0.001505, 9.5e-05
1632, 0.016495, 0.001505, 9.5e-05
1633, 0.016495, 0.001505, 9.5e-05
1634, 0.016495, 0.001505, 9.5e-05
1635, 0.016495, 0.001505, 9.5e-05
1636, 0.016495, 0.001505, 9.5e-05
1637, 0.016495, 0.001505, 9.5e-05
1638, 0.016495, 0.001505, 9.5e-05
1639, 0.016495, 0.001505, 9.5e-05
1640, 0.016495, 0.001505, 9.5e-05
1641, 0.016495, 0.001505, 9.5e-05
1642, 0.016495, 0.001505, 9.5e-05
1643, 0.016495, 0.001505, 9.5e-05
1644, 0.016495, 0.001505, 9.5e-05
1645, 0.016495, 0.001505, 9.5e-05
1646, 0.016495, 0.001505, 9.5e-05
1647, 0.016495, 0.001505, 9.5e-05
1648, 0.016495, 0.001505, 9.5e-05
1649, 0.016495, 0.001505, 9.5e-05
1650, 0.016495, 0.001505, 9.5e-05
1651, 0.016495, 0.001505, 9.5e-05
1652, 0.016495, 0.001505, 9.5e-05
1653, 0.016495, 0.001505, 9.5e-05
1654, 0.016495, 0.001505, 9.5e-05
1655, 0.016495, 0.001505, 9.5e-05
1656, 0.016495, 0.001505, 9.5e-05
1657, 0.016495, 0.001505, 9.5e-05
1658, 0.016495, 0.001505, 9.5e-05
1659, 0.016495, 0.001505, 9.5e-05
1660, 0.016495, 0.001505, 9.5e-05
1661, 0.016495, 0.001505, 9.5e-05
1662, 0.016495, 0.001505, 9.5e-05
1663, 0.016495, 0.001505, 9.5e-05
1664, 0.016495, 0.001505, 9.5e-05
1665, 0.016495, 0.001505, 9.5e-05
1666, 0.016495, 0.001505, 9.5e-05
1667, 0.016495, 0.001505, 9.5e-05
1668, 0.016495, 0.001505, 9.5e-05
1669, 0.016495, 0.001505, 9.5e-05
1670, 0.016495, 0.001505, 9.5e-05
1671, 0.016495, 0.001505, 9.5e-05
1672, 0.016495, 0.001505, 9.5e-05
1673, 0.016495, 0.001505, 9.5e-05
1674, 0.016495, 0.001505, 9.5e-05
1675, 0.016495, 0.001505, 9.5e-05
1676, 0.016495, 0.001505, 9.5e-05
1677, 0.016495, 0.001505, 9.5e-05
1678, 0.016495, 0.001505, 9.5e-05
1679, 0.016495, 0.001505, 9.5e-05
1680, 0.016495, 0.001505, 9.5e-05
1681, 0.016495, 0.001505, 9.5e-05
1682, 0.016495, 0.001505, 9.5e-05
1683, 0.016495, 0.001505, 9.5e-05
1684, 0.016495, 0.001505, 9.5e-05
1685, 0.016495, 0.001505, 9.5e-05
1686, 0.016495, 0.001505, 9.5e-05
1687, 0.016495, 0.001505, 9.5e-05
1688, 0.016495, 0.001505, 9.5e-05
1689, 0.016495, 0.001505, 9.5e-05
1690, 0.016495, 0.001505, 9.5e-05
1691, 0.016495, 0.001505, 9.5e-05
1692, 0.016495, 0.001505, 9.5e-05
1693, 0.016495, 0.001505, 9.5e-05
1694, 0.016495, 0.001505, 9.5e-05
1695, 0.016495, 0.001505, 9.5e-05
1696, 0.016495, 0.001505, 9.5e-05
1697, 0.016495, 0.001505, 9.5e-05
1698, 0.016495, 0.001505, 9.5e-05
1699, 0.016495, 0.001505, 9.5e-05
1700, 0.016495, 0.001505, 9.5e-05
1701, 0.016495, 0.001505, 9.5e-05
1702, 0.016495, 0.001505, 9.5e-05
1703, 0.016495, 0.001505, 9.5e-05
1704, 0.016495, 0.001505, 9.5e-05
1705, 0.016495, 0.001505, 9.5e-05
1706, 0.016495, 0.001505, 9.5e-05
1707, 0.016495, 0.001505, 9.5e-05
1708, 0.016495, 0.001505, 9.5e-05
1709, 0.016495, 0.001505, 9.5e-05
1710, 0.016495, 0.001505, 9.5e-05
1711, 0.016495, 0.001505, 9.5e-05
1712, 0.016495, 0.001505, 9.5e-05
1713, 0.016495, 0.001505, 9.5e-05
1714, 0.016495, 0.001505, 9.5e-05
1715, 0.016495, 0.001505, 9.5e-05
1716, 0.016495, 0.001505, 9.5e-05
1717, 0.016495, 0.001505, 9.5e-05
1718, 0.016495, 0.001505, 9.5e-05
1719, 0.016495, 0.001505, 9.5e-05
1720, 0.016495, 0.001505, 9.5e-05
1721, 0.016495, 0.001505, 9.5e-05
1722, 0.016495, 0.001505, 9.5e-05
1723, 0.016495, 0.001505, 9.5e-05
1724, 0.016495, 0.001505, 9.5e-05
1725, 0.016495, 0.001505, 9.5e-05
1726, 0.016495, 0.001505, 9.5e-05
1727, 0.016495, 0.001505, 9.5e-05
1728, 0.016495, 0.001505, 9.5e-05
1729, 0.016495, 0.001505, 9.5e-05
1730, 0.016495, 0.001505, 9.5e-05
1731, 0.016495, 0.001505, 9.5e-05
1732, 0.016495, 0.001505, 9.5e-05
1733, 0.016495, 0.001505, 9.5e-05
1734, 0.016495, 0.001505, 9.5e-05
1735, 0.016495, 0.001505, 9.5e-05
1736, 0.016495, 0.001505, 9.5e-05
1737, 0.016495, 0.001505, 9.5e-05
1738, 0.016495, 0.001505, 9.5e-05
1739, 0.016495, 0.001505, 9.5e-05
1740, 0.016495, 0.001505, 9.5e-05
1741, 0.016495, 0.001505, 9.5e-05
1742, 0.016495, 0.001505, 9.5e-05
1743, 0.016495, 0.001505, 9.5e-05
1744, 0.016495, 0.001505, 9.5e-05
1745, 0.016495, 0.001505, 9.5e-05
1746, 0.016495, 0.001505, 9.5e-05
1747, 0.016495, 0.001505, 9.5e-05
1748, 0.016495, 0.001505, 9.5e-05
1749, 0.016495, 0.001505, 9.5e-05
1750, 0.016495, 0.001505, 9.5e-05
1751, 0.016495, 0.001505, 9.5e-05
1752, 0.016495, 0.001505, 9.5e-05
1753, 0.016495, 0.001505, 9.5e-05
1754, 0.016495, 0.001505, 9.5e-05
1755, 0.016495, 0.001505, 9.5e-05
1756, 0.016495, 0.001505, 9.5e-05
1757, 0.016495, 0.001505, 9.5e-05
1758, 0.016495, 0.001505, 9.5e-05
1759, 0.016495, 0.001505, 9.5e-05
1760, 0.016495, 0.001505, 9.5e-05
1761, 0.016495, 0.001505, 9.5e-05
1762, 0.016495, 0.001505, 9.5e-05
1763, 0.016495, 0.001505, 9.5e-05
1764, 0.016495, 0.001505, 9.5e-05
1765, 0.016495, 0.001505, 9.5e-05
1766, 0.016495, 0.001505, 9.5e-05
1767, 0.016495, 0.001505, 9.5e-05
1768, 0.016495, 0.001505, 9.5e-05
1769, 0.016495, 0.001505, 9.5e-05
1770, 0.016495, 0.001505, 9.5e-05
1771, 0.016495, 0.001505, 9.5e-05
1772, 0.016495, 0.001505, 9.5e-05
1773, 0.016495, 0.001505, 9.5e-05
1774, 0.016495, 0.001505, 9.5e-05
1775, 0.016495, 0.001505, 9.5e-05
1776, 0.016495, 0.001505, 9.5e-05
1777, 0.016495, 0.001505, 9.5e-05
1778, 0.016495, 0.001505, 9.5e-05
1779, 0.016495, 0.001505, 9.5e-05
1780, 0.016495, 0.001505, 9.5e-05
1781, 0.016495, 0.001505, 9.5e-05
1782, 0.016495, 0.001505, 9.5e-05
1783, 0.016495, 0.001505, 9.5e-05
1784, 0.016495, 0.001505, 9.5e-05
1785, 0.016495, 0.001505, 9.5e-05
1786, 0.016495, 0.001505, 9.5e-05
1787, 0.016495, 0.001505, 9.5e-05
1788, 0.016495, 0.001505, 9.5e-05
1789, 0.016495, 0.001505, 9.5e-05
1790, 0.016495, 0.001505, 9.5e-05
1791, 0.016495, 0.001505, 9.5e-05
1792, 0.016495, 0.001505, 9.5e-05
1793, 0.016495, 0.001505, 9.5e-05
1794, 0.016495, 0.001505, 9.5e-05
1795, 0.016495, 0.001505, 9.5e-05
1796, 0.016495, 0.001505, 9.5e-05
1797, 0.016495, 0.001505, 9.5e-05
1798, 0.016495, 0.001505, 9.5e-05
1799, 0.016495, 0.001505, 9.5e-05
1800, 0.016495, 0.001505, 9.5e-05
1801, 0.016495, 0.001505, 9.5e-05
1802, 0.016495, 0.001505, 9.5e-05
1803, 0.016495, 0.001505, 9.5e-05
1804, 0.016495, 0.001505, 9.5e-05
1805, 0.016495, 0.001505, 9.5e-05
1806, 0.016495, 0.001505, 9.5e-05
1807, 0.016495, 0.001505, 9.5e-05
1808, 0.016495, 0.001505, 9.5e-05
1809, 0.016495, 0.001505, 9.5e-05
1810, 0.016495, 0.001505, 9.5e-05
1811, 0.016495, 0.001505, 9.5e-05
1812, 0.016495, 0.001505, 9.5e-05
1813, 0.016495, 0.001505, 9.5e-05
1814, 0.016495, 0.001505, 9.5e-05
1815, 0.016495, 0.001505, 9.5e-05
1816, 0.016495, 0.001505, 9.5e-05
1817, 0.016495, 0.001505, 9.5e-05
1818, 0.016495, 0.001505, 9.5e-05
1819, 0.016495, 0.001505, 9.5e-05
1820, 0.016495, 0.001505, 9.5e-05
1821, 0.016495, 0.001505, 9.5e-05
1822, 0.016495, 0.001505, 9.5e-05
1823, 0.016495, 0.001505, 9.5e-05
1824, 0.016495, 0.001505, 9.5e-05
1825, 0.016495, 0.001505, 9.5e-05
1826, 0.016495, 0.001505, 9.5e-05
1827, 0.016495, 0.001505, 9.5e-05
1828, 0.016495, 0.001505, 9.5e-05
1829, 0.016495, 0.001505, 9.5e-05
1830, 0.016495, 0.001505, 9.5e-05
1831, 0.016495, 0.001505, 9.5e-05
1832, 0.016495, 0.001505, 9.5e-05
1833, 0.016495, 0.001505, 9.5e-05
1834, 0.016495, 0.001505, 9.5e-05
1835, 0.016495, 0.001505, 9.5e-05
1836, 0.016495, 0.001505, 9.5e-05
1837, 0.016495, 0.001505, 9.5e-05
1838, 0.016495, 0.001505, 9.5e-05
1839, 0.016495, 0.001505, 9.5e-05
1840, 0.016495, 0.001505, 9.5e-05
1841, 0.016495, 0.001505, 9.5e-05
1842, 0.016495, 0.001505, 9.5e-05
1843, 0.016495, 0.001505, 9.5e-05
1844, 0.016495, 0.001505, 9.5e-05
1845, 0.016495, 0.001505, 9.5e-05
1846, 0.016495, 0.001505, 9.5e-05
1847, 0.016495, 0.001505, 9.5e-05
1848, 0.016495, 0.001505, 9.5e-05
1849, 0.016495, 0.001505, 9.5e-05
1850, 0.016495, 0.001505, 9.5e-05
1851, 0.016495, 0.001505, 9.5e-05
1852, 0.016495, 0.001505, 9.5e-05
1853, 0.016495, 0.001505, 9.5e-05
1854, 0.016495, 0.001505, 9.5e-05
1855, 0.016495, 0.001505, 9.5e-05
1856, 0.016495, 0.001505, 9.5e-05
1857, 0.016495, 0.001505, 9.5e-05
1858, 0.016495, 0.001505, 9.5e-05
1859, 0.016495, 0.001505, 9.5e-05
1860, 0.016495, 0.001505, 9.5e-05
1861, 0.016495, 0.001505, 9.5e-05
1862, 0.016495, 0.001505, 9.5e-05
1863, 0.016495, 0.001505, 9.5e-05
1864, 0.016495, 0.001505, 9.5e-05
1865, 0.016495, 0.001505, 9.5e-05
1866, 0.016495, 0.001505, 9.5e-05
1867, 0.016495, 0.001505, 9.5e-05
1868, 0.016495, 0.001505, 9.5e-05
1869, 0.016495, 0.001505, 9.5e-05
1870, 0.016495, 0.001505, 9.5e-05
1871, 0.016495, 0.001505, 9.5e-05
1872, 0.016495, 0.001505, 9.5e-05
1873, 0.016495, 0.001505, 9.5e-05
1874, 0.016495, 0.001505, 9.5e-05
1875, 0.016495, 0.001505, 9.5e-05
1876, 0.016495, 0.001505, 9.5e-05
1877, 0.016495, 0.001505, 9.5e-05
1878, 0.016495, 0.001505, 9.5e-05
1879, 0.016495, 0.001505, 9.5e-05
1880, 0.016495, 0.001505, 9.5e-05
1881, 0.016495, 0.001505, 9.5e-05
1882, 0.016495, 0.001505, 9.5e-05
1883, 0.016495, 0.001505, 9.5e-05
1884, 0.016495, 0.001505, 9.5e-05
1885, 0.016495, 0.001505, 9.5e-05
1886, 0.016495, 0.001505, 9.5e-05
1887, 0.016495, 0.001505, 9.5e-05
1888, 0.016495, 0.001505, 9.5e-05
1889, 0.016495, 0.001505, 9.5e-05
1890, 0.016495, 0.001505, 9.5e-05
1891, 0.016495, 0.001505, 9.5e-05
1892, 0.016495, 0.001505, 9.5e-05
1893, 0.016495, 0.001505, 9.5e-05
1894, 0.016495, 0.001505, 9.5e-05
1895, 0.016495, 0.001505, 9.5e-05
1896, 0.016495, 0.001505, 9.5e-05
1897, 0.016495, 0.001505, 9.5e-05
1898, 0.016495, 0.001505, 9.5e-05
1899, 0.016495, 0.001505, 9.5e-05
1900, 0.016495, 0.001505, 9.5e-05
1901, 0.016495, 0.001505, 9.5e-05
1902, 0.016495, 0.001505, 9.5e-05
1903, 0.016495, 0.001505, 9.5e-05
1904, 0.016495, 0.001505, 9.5e-05
1905, 0.016495, 0.001505, 9.5e-05
1906, 0.016495, 0.001505, 9.5e-05
1907, 0.016495, 0.001505, 9.5e-05
1908, 0.016495, 0.001505, 9.5e-05
1909, 0.016495, 0.001505, 9.5e-05
1910, 0.016495, 0.001505, 9.5e-05
1911, 0.016495, 0.001505, 9.5e-05
1912, 0.016495, 0.001505, 9.5e-05
1913, 0.016495, 0.001505, 9.5e-05
1914, 0.016495, 0.001505, 9.5e-05
1915, 0.016495, 0.001505, 9.5e-05
1916, 0.016495, 0.001505, 9.5e-05
1917, 0.016495, 0.001505, 9.5e-05
1918, 0.016495, 0.001505, 9.5e-05
1919, 0.016495, 0.001505, 9.5e-05
1920, 0.016495, 0.001505, 9.5e-05
1921, 0.016495, 0.001505, 9.5e-05
1922, 0.016495, 0.001505, 9.5e-05
1923, 0.016495, 0.001505, 9.5e-05
1924, 0.016495, 0.001505, 9.5e-05
1925, 0.016495, 0.001505, 9.5e-05
1926, 0.016495, 0.001505, 9.5e-05
1927, 0.016495, 0.001505, 9.5e-05
1928, 0.016495, 0.001505, 9.5e-05
1929, 0.016495, 0.001505, 9.5e-05
1930, 0.016495, 0.001505, 9.5e-05
1931, 0.016495, 0.001505, 9.5e-05
1932, 0.016495, 0.001505, 9.5e-05
1933, 0.016495, 0.001505, 9.5e-05
1934, 0.016495, 0.001505, 9.5e-05
1935, 0.016495, 0.001505, 9.5e-05
1936, 0.016495, 0.001505, 9.5e-05
1937, 0.016495, 0.001505, 9.5e-05
1938, 0.016495, 0.001505, 9.5e-05
1939, 0.016495, 0.001505, 9.5e-05
1940, 0.016495, 0.001505, 9.5e-05
1941, 0.016495, 0.001505, 9.5e-05
1942, 0.016495, 0.001505, 9.5e-05
1943, 0.016495, 0.001505, 9.5e-05
1944, 0.016495, 0.001505, 9.5e-05
1945, 0.016495, 0.001505, 9.5e-05
1946, 0.016495, 0.001505, 9.5e-05
1947, 0.016495, 0.001505, 9.5e-05
1948, 0.016495, 0.001505, 9.5e-05
1949, 0.016495, 0.001505, 9.5e-05
1950, 0.016495, 0.001505, 9.5e-05
1951, 0.016495, 0.001505, 9.5e-05
1952, 0.016495, 0.001505, 9.5e-05
1953, 0.016495, 0.001505, 9.5e-05
1954, 0.016495, 0.001505, 9.5e-05
1955, 0.016495, 0.001505, 9.5e-05
1956, 0.016495, 0.001505, 9.5e-05
1957, 0.016495, 0.001505, 9.5e-05
1958, 0.016495, 0.001505, 9.5e-05
1959, 0.016495, 0.001505, 9.5e-05
1960, 0.016495, 0.001505, 9.5e-05
1961, 0.016495, 0.001505, 9.5e-05
1962, 0.016495, 0.001505, 9.5e-05
1963, 0.016495, 0.001505, 9.5e-05
1964, 0.016495, 0.001505, 9.5e-05
1965, 0.016495, 0.001505, 9.5e-05
1966, 0.016495, 0.001505, 9.5e-05
1967, 0.016495, 0.001505, 9.5e-05
1968, 0.016495, 0.001505, 9.5e-05
1969, 0.016495, 0.001505, 9.5e-05
1970, 0.016495, 0.001505, 9.5e-05
1971, 0.016495, 0.001505, 9.5e-05
1972, 0.016495, 0.001505, 9.5e-05
1973, 0.016495, 0.001505, 9.5e-05
1974, 0.016495, 0.001505, 9.5e-05
1975, 0.016495, 0.001505, 9.5e-05
1976, 0.016495, 0.001505, 9.5e-05
1977, 0.016495, 0.001505, 9.5e-05
1978, 0.016495, 0.001505, 9.5e-05
1979, 0.016495, 0.001505, 9.5e-05
1980, 0.016495, 0.001505, 9.5e-05
1981, 0.016495, 0.001505, 9.5e-05
1982, 0.016495, 0.001505, 9.5e-05
1983, 0.016495, 0.001505, 9.5e-05
1984, 0.016495, 0.001505, 9.5e-05
1985, 0.016495, 0.001505, 9.5e-05
1986, 0.016495, 0.001505, 9.5e-05
1987, 0.016495, 0.001505, 9.5e-05
1988, 0.016495, 0.001505, 9.5e-05
1989, 0.016495, 0.001505, 9.5e-05
1990, 0.016495, 0.001505, 9.5e-05
1991, 0.016495, 0.001505, 9.5e-05
1992, 0.016495, 0.001505, 9.5e-05
1993, 0.016495, 0.001505, 9.5e-05
1994, 0.016495, 0.001505, 9.5e-05
1995, 0.016495, 0.001505, 9.5e-05
1996, 0.016495, 0.001505, 9.5e-05
1997, 0.016495, 0.001505, 9.5e-05
1998, 0.016495, 0.001505, 9.5e-05
1999, 0.016495, 0.001505, 9.5e-05
2000, 0.016495, 0.001505, 9.5e-05
2001, 0.016495, 0.001505, 9.5e-05
2002, 0.016495, 0.001505, 9.5e-05
2003, 0.016495, 0.001505, 9.5e-05
2004, 0.016495, 0.001505, 9.5e-05
2005, 0.016495, 0.001505, 9.5e-05
2006, 0.016495, 0.001505, 9.5e-05
2007, 0.016495, 0.001505, 9.5e-05
2008, 0.016495, 0.001505, 9.5e-05
2009, 0.016495, 0.001505, 9.5e-05
2010, 0.016495, 0.001505, 9.5e-05
2011, 0.016495, 0.001505, 9.5e-05
2012, 0.016495, 0.001505, 9.5e-05
2013, 0.016495, 0.001505, 9.5e-05
2014, 0.016495, 0.001505, 9.5e-05
2015, 0.016495, 0.001505, 9.5e-05
2016, 0.016495, 0.001505, 9.5e-05
2017, 0.016495, 0.001505, 9.5e-05
2018, 0.016495, 0.001505, 9.5e-05
2019, 0.016495, 0.001505, 9.5e-05
2020, 0.016495, 0.001505, 9.5e-05
2021, 0.016495, 0.001505, 9.5e-05
2022, 0.016495, 0.001505, 9.5e-05
2023, 0.016495, 0.001505, 9.5e-05
2024, 0.016495, 0.001505, 9.5e-05
2025, 0.016495, 0.001505, 9.5e-05
2026, 0.016495, 0.001505, 9.5e-05
2027, 0.016495, 0.001505, 9.5e-05
2028, 0.016495, 0.001505, 9.5e-05
2029, 0.016495, 0.001505, 9.5e-05
2030, 0.016495, 0.001505, 9.5e-05
2031, 0.016495, 0.001505, 9.5e-05
2032, 0.016495, 0.001505, 9.5e-05
2033, 0.016495, 0.001505, 9.5e-05
2034, 0.016495, 0.001505, 9.5e-05
2035, 0.016495, 0.001505, 9.5e-05
2036, 0.016495, 0.001505, 9.5e-05
2037, 0.016495, 0.001505, 9.5e-05
2038, 0.016495, 0.001505, 9.5e-05
2039, 0.016495, 0.001505, 9.5e-05
2040, 0.016495, 0.001505, 9.5e-05
2041, 0.016495, 0.001505, 9.5e-05
2042, 0.016495, 0.001505, 9.5e-05
2043, 0.016495, 0.001505, 9.5e-05
2044, 0.016495, 0.001505, 9.5e-05
2045, 0.016495, 0.001505, 9.5e-05
2046, 0.016495, 0.001505, 9.5e-05
2047, 0.016495, 0.001505, 9.5e-05
2048, 0.016495, 0.001505, 9.5e-05
2049, 0.016495, 0.001505, 9.5e-05
2050, 0.016495, 0.001505, 9.5e-05
2051, 0.016495, 0.001505, 9.5e-05
2052, 0.016495, 0.001505, 9.5e-05
2053, 0.016495, 0.001505, 9.5e-05
2054, 0.016495, 0.001505, 9.5e-05
2055, 0.016495, 0.001505, 9.5e-05
2056, 0.016495, 0.001505, 9.5e-05
2057, 0.016495, 0.001505, 9.5e-05
2058, 0.016495, 0.001505, 9.5e-05
2059, 0.016495, 0.001505, 9.5e-05
2060, 0.016495, 0.001505, 9.5e-05
2061, 0.016495, 0.001505, 9.5e-05
2062, 0.016495, 0.001505, 9.5e-05
2063, 0.016495, 0.001505, 9.5e-05
2064, 0.016495, 0.001505, 9.5e-05
2065, 0.016495, 0.001505, 9.5e-05
2066, 0.016495, 0.001505, 9.5e-05
2067, 0.016495, 0.001505, 9.5e-05
2068, 0.016495, 0.001505, 9.5e-05
2069, 0.016495, 0.001505, 9.5e-05
2070, 0.016495, 0.001505, 9.5e-05
2071, 0.016495, 0.001505, 9.5e-05
2072, 0.016495, 0.001505, 9.5e-05
2073, 0.016495, 0.001505, 9.5e-05
2074, 0.016495, 0.001505, 9.5e-05
2075, 0.016495, 0.001505, 9.5e-05
2076, 0.016495, 0.001505, 9.5e-05
2077, 0.016495, 0.001505, 9.5e-05
2078, 0.016495, 0.001505, 9.5e-05
2079, 0.016495, 0.001505, 9.5e-05
2080, 0.016495, 0.001505, 9.5e-05
2081, 0.016495, 0.001505, 9.5e-05
2082, 0.016495, 0.001505, 9.5e-05
2083, 0.016495, 0.001505, 9.5e-05
2084, 0.016495, 0.001505, 9.5e-05
2085, 0.016495, 0.001505, 9.5e-05
2086, 0.016495, 0.001505, 9.5e-05
2087, 0.016495, 0.001505, 9.5e-05
2088, 0.016495, 0.001505, 9.5e-05
2089, 0.016495, 0.001505, 9.5e-05
